description,language
"OLUNDA, OLUNDILA NZAL ANKWENO.",Portuguese
"Quem economizou para os maus dias, economizou para as necessidades dos",Portuguese
demais.,Portuguese
"«Aquele que aguarda qualquer coisa para a noite, guarda-a para o gato» (Prov.",Portuguese
Escandinavo - Rosa Sha).,Portuguese
"Celui qui a économisé pour les mauvais jours, a économisé pour les besoins",Portuguese
des autres.,Portuguese
"«Celui qui garde quelque chose pour la nuit, la garde pour le chat» (Prov. scandi-",Portuguese
nave — Rosa Sha).,Portuguese
"He who hid his provisions for the future, did it for the others” necessities.",Portuguese
"«He who keeps something for the night, keeps it for the cat» (Scandinavian prov.",Portuguese
— Rosa Sha).,Portuguese
"OMA KULENDI SOBA KO, VIBIDILA MO YOVO MENA KULENDI SOBA",Portuguese
"KO, VIBIDILA MO.",Portuguese
"O que tu não podes mudar, suporta-lo.",Portuguese
Deves «fazer das tripas coração» e submeter-te à lei da flexibilidade que se resu-,Portuguese
"ma por esta petição: «Deus, conceda-me a serenidade de aceitar as coisas que não",Portuguese
"posso mudar, a coragem de mudar as que posso, e a sabedoria de saber a diferen-",Portuguese
"ça» (Dan Millman, in «The Life you were bom to Live — The laws of Spirit: 1) the",Portuguese
"law of flexibility», pp. 325-326).",Portuguese
"Ce que tu ne peux pas changer, tu dois le supporter.",Portuguese
Tu dois «faire contre mauvaise fortune bon coeur» et te soumettre à la loi de,Portuguese
"flexibilité qui se résume par la pétition suivante: «Dieu, accorde-moi la sérénité",Portuguese
"d'accepter les choses que je ne peux pas changer, le courage de changer celles que",Portuguese
"je peux, et la sagesse de savoir la différence» (Dan Millman — in «The life you",Portuguese
"were born to live — The laws of Spirit: 1) the law of flexibility», pp. 325-326).",Portuguese
"What you cannot change, you must bear it.",Portuguese
"You must «put a bold face on it» or make the best of a bad job», and surrender your-",Portuguese
"self to the Law of Flexibility ending by the following petition: «God, grant me the",Portuguese
"serenity to accept to change the things I cannot change, the courage to change the",Portuguese
"things I can, and the wisdom to know the difference» (Dan Millman, in The Life you",Portuguese
"were bom to Live — The laws of Spirit: 1)-the law of flexibility», pp. 325-326).",Portuguese
OTAMBULA OLUKA.,Portuguese
Quem viajou tornou-se mais informado e avisado.,Portuguese
"«As viagens formam e deformam» (Dr.Thomas Kanza, in Le Congo, pays de deux",Portuguese
Évolués).,Portuguese
Qui a beaucoup voyagé est plus informé et avisé.,Portuguese
"«Les voyages forment et déforment» (Dr. Thomas Kanza, in Le Congo, Pais de",Portuguese
deux Évolués).,Portuguese
291,Portuguese
He who travelled a lot is well informed and wise.,Portuguese
"«Travels form and deform» (Dr. Thomas Kanza, in Le Congo, Pays, de deux",Portuguese
Évolués).,Portuguese
ON'O ZIZILANGA I USUNDANGA YOVO: ON'OZIZILA USUNDA.,Portuguese
Quem persevera vencerá;,Portuguese
«A perseverança tudo alcança.»,Portuguese
Celui qui persévérera vaincra.,Portuguese
«La persévérance vient à bout de tout».,Portuguese
He who will persevere will overcome.,Portuguese
«'Perseverance is the way to the victory».,Portuguese
"ON'WUTA ON'YAMBULA, ONSOPA ONKWAMINA YOVO - outra Variante:",Portuguese
"WAN'WUTA WANYAMBULA, WANSOPA WANKWAMINA.",Portuguese
"O pai que casa a sua filha liberta-a, e o marido que se casa com ela torna-se o",Portuguese
seu responsável. :,Portuguese
Este provérbio deriva da ordem divina sobre o casamento: «O varão deixará o seu,Portuguese
"pai e a sua mãe, e apegar-se-á à sua mulher, e serão ambos uma came» (Gen. 2:24),",Portuguese
Le pêre qui marie sa fille 'émancipe et le mari qui I'épouse s'en devient le res-,Portuguese
ponsable.,Portuguese
Ce proverbe dérive de I'ordre divin sur le mariage: «!homme quittera son pêre et,Portuguese
"sa mêre, et s“attachera à sa femme, et ils deviendront une seule chair» (Gen. 2:24).",Portuguese
The father who marries her daughter emancipates her from his control and the,Portuguese
husband which get married with her become her protector.,Portuguese
This proverb derives from the divine order about wedding: «The man will leave,Portuguese
his father and mother and will be united to his wife and they will become one,Portuguese
flesh» (Gen. 2:24).,Portuguese
"OVOVELA VANDONGA, NTU ANDI KAKUTULA,",Portuguese
"Quem fala em público, liberta a sua cabeça.",Portuguese
Uma declaração ou uma confissão pública alivia e liberta a consciência.,Portuguese
Celui qui parle en public libêre sa tête.,Portuguese
Une déclaration ou une confession publique soulage et libêre la conscience.,Portuguese
He who speaks in public frees up his head.,Portuguese
A public declaration or confession alleviates and relieves one's mind.,Portuguese
"OYO KAKABUKANGA KO, YANDI KAYEDL, YANDI KALUNGI (YANI",Portuguese
KANUNGI.,Portuguese
"Quem nunca se aventura: nem perde, nem vence.",Portuguese
"«Quem fica sentado seca, quem vai lambe». Segundo o Pe. António Vieira, «vale",Portuguese
mais temer um exército de ovelhas comandadas por um leão que um exército de,Portuguese
"leões comandados por una ovelha»: Um é audacioso, o outro é tímido.",Portuguese
Qui ne s'aventure jamais ne perd ni ne vainc.,Portuguese
"«Qui reste assis sêche, qui va lêche». Selon le Pêre António Vieira, il vaut mieux",Portuguese
292,Portuguese
craindre une armée de brebis commandées par un lion qu'une armée de lions,Portuguese
"commandés par une brebis»: I'un est audacieux, 'autre est timide.",Portuguese
He who does not venture shall not either lose or win.,Portuguese
"«He who remains sitting doesn't dry up, and he who goes licks». According to",Portuguese
"father António Vieira, «it is better to fear an army of ship led by a lion than an",Portuguese
"army of lions led by a ship»: one is audacious, the other is timid.",Portuguese
"OY'OKANGALA YE MBENDO, OYENDA KO NDÁ.",Portuguese
Quem viaja com um porta-carga vai longe.,Portuguese
O Mbendo ou porta-carga é uma espécie de alavanca que tem um buraco ou,Portuguese
"ponto de apoio, no qual se encaixa um bastão que sustenta o fardo quando o por-",Portuguese
tador levanta ou transfere uma parte do fardo da cabeça ou do ombro sobre o ala-,Portuguese
"vanca que assim partilha o peso com ele e lhe permite repousar, de pé, o tempo",Portuguese
necessário para se recuperar da fatiga. O mbendo ou porta-carga simboliza por-,Portuguese
"tanto um meio mecánico, que serva, para aliviar-se de vez em quanto, da pressão",Portuguese
de uma actividade cansativa.,Portuguese
"Para mostrar a importância de um tal ponto de apoio, Archimedes matemático e",Portuguese
"físico grego, exclamou uma vez e disse: «Dê-me um ponto de apoio e levantarei o",Portuguese
universo» (Arquimedes).,Portuguese
Qui voyage avec le mbendo ou porte-fardeau va loin.,Portuguese
Le Mbendo ou porte-fardeau est une espêce de levier pourvu d'un trou ou point,Portuguese
"d'appui, ou entre un bâton qui soutient le fardeau lorsque le porteur soulêve ou",Portuguese
transfert une partie du fardeau de la tête ou de I'épaule sur ce levier qui partage,Portuguese
"ainsi le poids avec lui et lui permet de ce fait de se reposer, tout debout, le temps",Portuguese
nécessaire pour se récupérer de sa fatigue. Le Mbendo ou porte-fardeau symbo-,Portuguese
lise ainsi tout moyen mécanique qui peut servir de diminuer toute pression d'une,Portuguese
activité harassante.,Portuguese
"Pour montrer l'importance de ce point d'appui, le mathématicien et physicien",Portuguese
"grec, Archimêde, sexclama une fois, en disant: «Donnez-moi un point d'appui et",Portuguese
je soulêverai I'univers» (Archimêde),Portuguese
"He who travels with a mbendo, a lever with a fulcrum or load-holder, goes far.",Portuguese
The mbendo or burden-holder is a sort of a lever provided with a hole or fulcrum,Portuguese
"or point of support, into which a staff enters and supports the load when the",Portuguese
"porter raises, moves or transfers it from his head or shoulder to the fixed point",Portuguese
from which the lever shares the weight with th porter and enables him to recover,Portuguese
his energy and give continuity to a tiresome activity.,Portuguese
"To show the importance of this lever and its pont of support, Archimedes, a",Portuguese
"mathematician and physicist Greek, who descovered the principles of lever and of",Portuguese
"gravity, exclaimed once saying:",Portuguese
«Give-me a fulcrum (a point of support) and I'll lift the universe» (Archimedes).,Portuguese
"OYO KATWELE NLELE KAMWENE NSONI KO, OYO UKUNTALA",Portuguese
KAMONA MPE NSONIKO.,Portuguese
"Se quem se despede não tem vergonha, também quem o olhar não terá vergonha.",Portuguese
A impudência é paga na mesma moeda.,Portuguese
293,Portuguese
"Si celui qui se déshabille n'a pas honte, celui qui le regardera n'aura pas honte",Portuguese
non plus.,Portuguese
On rend à I'homme effronté la monnaie de sa piêce.,Portuguese
"If he who takes off one's ciothe is not ashamed, he who will look to him will",Portuguese
not be ashamed either.,Portuguese
An impudent man is paid back in his own coin.,Portuguese
"OY'OMENGA, DIMBU NSIZA MESO.",Portuguese
"Quem te odeia, te olha de esguelha.",Portuguese
O provérbio indica que tu podes encontrar manifestações dissimuladas da parta,Portuguese
de quem tiver rancor contra ti.,Portuguese
"Qui vous hait, vous regarde de travers.",Portuguese
Le proverbe indique que tu peux rencontrer des manifestations dissimulées de la,Portuguese
part de celui nourrit une rancoeur contre toi.,Portuguese
"He who hates you, looks askance at you.",Portuguese
This saying indicates that you can find dissimilated manifestations from that who,Portuguese
hates you.,Portuguese
"OYO SIMBIDI KUMVINI MBUTA, ISIMBIDI KUMENO NKÉ (NLEKE).",Portuguese
Quem segura uma faca pelo seu cabo tem mais vantagem que aquele que a,Portuguese
segura pelo gume.,Portuguese
Este provérbio indica que quem maneja um assunto perigoso pode ser mais vul-,Portuguese
nerável do que aquele que trata de uma situação pacífica.,Portuguese
Celui qui tient le couteau par sa manche est plus avantagé que celui qui le,Portuguese
tient par le tranchant.,Portuguese
Ce proverbe indique que celui qui traite d'une affaire dangereuse peut être plus,Portuguese
vulnérable que celui qui traite d'une situation pacifique.,Portuguese
He who holds the knife by its handle is in better condition than he who han-,Portuguese
dles it by its edge.,Portuguese
This saying means that he who manages a dangerous business may be more vul-,Portuguese
nerabie than that who deals with a peaceful situation.,Portuguese
"OYO USWAMINI KU FUTA NKE, OYO USWAMINI KU MBUNDU MBUTA",Portuguese
(LUTIDN.,Portuguese
"Quem se-lhe escondeu na mata é pouco seguro, do que quem se escondeu no",Portuguese
coração.,Portuguese
«O fundo do coração é mais longinquo do que o fim do mundo».,Portuguese
Celui qui s'est caché dans la brousse est moins sâr que celui qui s'est caché,Portuguese
dans le coeur.,Portuguese
«Le fond du coeur est plus loin que le bout du monde».,Portuguese
He who's hidden in the bush is less secure than he who's hidden in his heart.,Portuguese
«The bottom of the heart is farther than the end of the world».,Portuguese
294,Portuguese
OY'OYUVULA KADYA KYA MBIKO (KYE MBIKO).,Portuguese
Quem pergunta não coma coisa má.,Portuguese
«Boca que fala não fica esfomeada» (Prov. Turco — R. Sha).,Portuguese
Celui qui se renseigne ne mange pas une chose mauvaise.,Portuguese
«La bouche qui parle ne reste pas affamée» (Prov. Turc - R. Sha).,Portuguese
"He who asks for information doesn't eat bad thing,",Portuguese
«The mouth which speaks doesn't remain hungry» (Turkish proverb — R. Sha),Portuguese
OYUVULA KAVILA KO.,Portuguese
Quem pergunta não se perde.,Portuguese
"«Quem tem a sua língua, a Roma vai». «Quem pede conselho transpõe a mon-",Portuguese
tanha; quem não o pede extravia-se mesmo na planície» (Prov. Turco — R. Sha).,Portuguese
Qui demande ne se perd pas.,Portuguese
"«Qui langue a, à Rome va. «Qui demande conseil transpose une montagne; qui",Portuguese
ne le demande pas s'égare même dans la plaine» (Proverbe turc— R. Sha),Portuguese
He who asks doesn't get lost.,Portuguese
"«Who has his tongue, gets to Roma». «He who seeks advice removes a mountain;",Portuguese
"he who does not seek it, gets lost even in the plain» (Turkish proverb — R. Sha).",Portuguese
295,Portuguese
S,Portuguese
SADILA NTANGU KADI MALAWU KAMAVUTUK ANGA KUNIMA KO.,Portuguese
"Aproveita o tempo presente, pois as oportunidades nunca se repetem.",Portuguese
«É bom malhar enquanto o ferro está quente».,Portuguese
"Profitez du temps, car les opportunités ne se répêtent jamais.",Portuguese
«Il faut battre le fer quand il est chaud».,Portuguese
"Avail yourself of the time, because opportunities don't come back any more.",Portuguese
«Better to strike the iron while it is hot».,Portuguese
SAKUBA DYA KULU DIWETE KASAKUBA DYA NWA KO.,Portuguese
Uma escorregadela do pé é melhor do que uma da língua.,Portuguese
"«Uma escorregadela da língua é mais perigosa do que a do pé, pois a escorre-",Portuguese
"gadela da língua pode lhe custar a cabeça, ao passo que a do pé pode ser facil-",Portuguese
mente curada»(prov. árabe).,Portuguese
Une glissade du pied est mieux qu'une de la langue.,Portuguese
"«Une glissade de la langue est plus fatale que celle du pied, car la glissade de la",Portuguese
"langue peut vous coúiter la tête, alors que celle du pied peut être guérie» (prov.",Portuguese
arabe).,Portuguese
A slip of the foot is better than the slip of the tongue.,Portuguese
"«A slip of the tongue is more dangerous than the slip of the foot, for the slip of",Portuguese
"the tongue may cost thy head, whilst the slip of the foot may easily be cured»",Portuguese
(Arabic prov.).,Portuguese
"SANGA-NGUNGA ATUFWENE VUMU, NTINU ANYIKIDI.",Portuguese
Uma aranha cuja barriga foi forrada tornou-se leve e mais rápida.,Portuguese
«Há males que vêm para bem».,Portuguese
Une araignée dont on a perforé le ventre est rendue plus légêre et rapide.,Portuguese
«A quelque chose malheur est bon».,Portuguese
A spider which is perforated become light-weight and more speedy.,Portuguese
«It's an ill wind that blows nobody any good».,Portuguese
SASA KWAKU MWAN'ANKWENO KANSI KALENDI KITUKA MWAN'AKU,Portuguese
"KO, KADI SASA KAVWA KO.",Portuguese
Criar uma criança alheia não dá direito de paternidade.,Portuguese
O provérbio subentende que o dever ou a satisfação de poder criar ou educar,Portuguese
uma criança alheia não confere a ninguém o direito de paternidade sobre ela.,Portuguese
Elever un enfant d'un autre ne donne pas un droit de paternité.,Portuguese
Ce proverbe sous-entend que le devoir ou la satisfaction que I'on peut éprouver,Portuguese
de pouvoir élever ou éduquer un enfant d'autrui ne confêre à personne le droit,Portuguese
de partenité sur lui.,Portuguese
297,Portuguese
To bring up or educate another's child doesn't entitle you to the fatherhood of,Portuguese
this child.,Portuguese
This proverb implies that the duty or the satisfaction someone may feel to bring,Portuguese
up or educate another's child does not give him the rightt of faterhood upon him.,Portuguese
SASALA KA BWA KO.,Portuguese
Escorregar não é cair.,Portuguese
«Nem toda escorregadela é uma caída».,Portuguese
Chanceler n'est pas tomber.,Portuguese
«Toute glissade n'est pas une chute».,Portuguese
To stagger is not to fall.,Portuguese
«Al] staggering is not a fall».,Portuguese
"S ULENDANGA TOMA SASA ANA KUMI, KANSI ANA KUMI",Portuguese
KALENDANGA SASA $S DYAWU KO.,Portuguese
Um pai pode cuidar bem dos seus dez filhos melhor do que os dez filhos,Portuguese
podem cuidar do seu único pai.,Portuguese
O paradoxo deste provérbio reside no facto de o pai ser totalmente responsável,Portuguese
"pelo bem-estar de todos os seus filhos, guiados talvez consciente ou inconsciente-",Portuguese
mente pelo princípio da sabedoria indiana que determina que «aquele que plan-,Portuguese
"tou uma árvore deve regá-la», ao passo que os filhos que não têm ou não sentem",Portuguese
essa obrigação se sentem pouco ou não responsáveis pelo bem-estar do seu pai.,Portuguese
"Os dois lados da medalha são ilustrados pelo facto de que para muitos pais,",Portuguese
"numerosos filhos são uma bênção, mas para muitos filhos, um pai é considerado",Portuguese
"como uma carga pesada, deixada «ao deus-dará». Contudo, os bons exemplos de",Portuguese
"filhos devotados aos seus pais e os maus exemplos de pais irresponsáveis, são",Portuguese
"excepções que confirmam a regra. No momento próprio, ambos serão devida-",Portuguese
"mente retribuídos, a contento ou contra vontade, pelas suas descendências.",Portuguese
Un pêre prend davantage de soin de ses dix enfants plus que ne peuvent le,Portuguese
faire dix enfants vis-à-vis de leur unique pêre.,Portuguese
Le paradoxe de ce proverbe réside dans le fait que le pêre est totalement respon-,Portuguese
"sable du bien-être de tous ses enfants, étant, peut-être, inspirés par le principe de",Portuguese
"la sagesse indienne qui détermine que «celui qui a planté un arbre doit I'arroser»,",Portuguese
tandis que les enfants qui n'ont pas cette obligation se sentent peu ou presque,Portuguese
pas responsables de leur pêre. Les deux côtés de la médaille sont illustrés par le,Portuguese
"fait que pour beaucoup de pêres, un grand nombre d'enfants est une bénédiction,",Portuguese
"tandis que pour beaucoup de fils, un pêre est considéré comme un fardeau dont",Portuguese
ils laissent les soins «à la merci de Dieu».Cependant les bons exemples des fils,Portuguese
"dévoués à leurs pêres, et les mauvais exemples des pêres irresponsables, sont des",Portuguese
"exceptions qui confirment la rêgle. Au moment donné, les uns et les autres",Portuguese
"seront dâment rétribués, à souhait ou à regret, par leurs respectives progénitures.",Portuguese
A father may care fairly well of his numerous children than can do these many,Portuguese
children take care of their unique father.,Portuguese
The paradox of this saying is in the fact that the father is totally accountable of,Portuguese
"the well-being of all of his children, maybe for being inspired by this principle of",Portuguese
298,Portuguese
"the Indian wisdom which determines that «he who planted a tree must water it»,",Portuguese
whereas the sons are hardiy responsible of their father. The both side of the,Portuguese
"medal are illustrated, one by the fact that, for many fathers, numerous children",Portuguese
are a blessing. and the other by the sons who consider their father as a burden,Portuguese
fitted to be at God's mercy. However good examples of devoted sons to their,Portuguese
"fathers, and bad examples of reckless fathers, are exceptions which prove the",Portuguese
"rule. At the appointed time, both of them will be duly compensated, at one's sat-",Portuguese
"isfaction or with ill will, by their respective offspring.",Portuguese
"SEVA YE AY'ASEVANGA, DILA YE AY'ADILANGA.",Portuguese
Regozija-te com qs que se regozijam e chora com os que choram.,Portuguese
"«Em Roma, faz como os Romanos».",Portuguese
"Réjouis-toi avec ceux qui se réjouissent, pleure avec ceux qui pleurent.",Portuguese
"«Quand tu seras à Rome, agis comme les Romains».",Portuguese
"Rejoice with those who rejoice, weep with those who weep.",Portuguese
"«When at Rome, you must do as the Romans do».",Portuguese
SINZA KYAKI KYA TUWULA KALA NKALU.,Portuguese
Este cepo já nos fez partir uma calabaça.,Portuguese
Esta máxima é usada quando alguém refere-se a um caso que já deixou uma,Portuguese
marca de prejuízo na família e que se deve evitar.,Portuguese
Cette souche nous a déja fait briser une calebasse.,Portuguese
"Se dit d'un cas qui a déja été I'objet d'une perte dans notre famille, de sorte qu'il",Portuguese
nous convient de I'éviter.,Portuguese
This stub has already made us break a calabash.,Portuguese
Said of a case which has already been prejudicial to our interest so it must be,Portuguese
shunned.,Portuguese
"SISA NSI YILELE, KUSISI NSI YITOKAMENE KO.",Portuguese
"Deixa um pais em paz, não deixa um pais em dificuldades.",Portuguese
"É uma recomendação feita aos dirigentes de um país, de não se ausentar do país",Portuguese
"quando está em guerra, pois «os ausentes nem sempre têm razão»; outrossim, é",Portuguese
nos tempos difíceis que um povo aprecia o patriotismo dos dirigentes que perma-,Portuguese
"necem ao seu lado, sacrificando as suas comodidades, quando tudo vai mal. Esta",Portuguese
recomendação é também extensiva aos chefes de famílias ou chefes de comunida-,Portuguese
des que dependem deles.,Portuguese
Laissez un pays en paix et non un pays en difficultés.,Portuguese
C'est une recommandation faite aux responsables d'un pays de ne pas sen absen-,Portuguese
"ter quand celui-ci se trouve en difficultés, car «les absents ont toujours tort», et",Portuguese
"d'autre part, c'est dans des temps difficiles que les peuples apprécient le patrio-",Portuguese
tisme des dirigeants qui restent à leurs côtés lorsque tout va mal. Cette recom-,Portuguese
mandation est aussi extensive aux chefs de familles ou de communautés qui,Portuguese
dépendent d'eux.,Portuguese
"You cannot be absent from your country while it is trouble, but only when it is",Portuguese
in peace.,Portuguese
299,Portuguese
"X is a recommendation given to any leader or chief of a country, family or com-",Portuguese
"munity, not to be conspicuous by one's absence while it is in difficulties, for",Portuguese
"«those who are absent are always wrong». Otherwise, it is in the difficult",Portuguese
moments that people appreciate the patriotism of the leaders who remain on,Portuguese
their sides when everything gets worse. This recommendation is also extensive to,Portuguese
the chiefs of the families or of the communities which depend on them.,Portuguese
"SISA TATA UTANANGA NGO, KUSISI TATA UNWANANGA YE NGO KO.",Portuguese
É bom deixar o pai que está a esfolar um leão e não quando está a lutar com ele.,Portuguese
"Equivale dizer que não se deve deixar um pai, ou alguém que depende de si,",Portuguese
"enquanto está em perigo de vida, mas só quando ele está fora de perigo.",Portuguese
NH est loisible de laisser le pêre qui est en train d'écorcher un lion et non quand,Portuguese
il est en train de lutter avec lui.,Portuguese
"C'est autant dire qu'il ne faut pas laisser son pêre, ou quelqu'un qui dépend de",Portuguese
"soi, en proie aux difficultés, mais seulement quand il est hors du danger.",Portuguese
"It is better to leave your father only when he is skinning a lion, but not while",Portuguese
he is fighting with it.,Portuguese
That is to say that you cannot leave your father or any person depending upon,Portuguese
"you, who is in difficulties, but only when there is nothing to ear for him.",Portuguese
"SOLE KANA SOLELA DYO SE DYAKU, KANDA KANA SOPELA DYO SE",Portuguese
DYAKU.,Portuguese
"O campo que tu cultivares é teu, a família em que tu esposares torna-se tua",Portuguese
"também,",Portuguese
A família por aliança é uma segunda família.,Portuguese
"Ia terre que tu cultives, c'est ta terre; la famille oú tu te maries devient ta",Portuguese
famille aussi.,Portuguese
La famille par alliance est une seconde famille.,Portuguese
The place where you have your tilling is your field; the family in which you,Portuguese
get married becomes also yours.,Portuguese
Relation by marriage enables the spouses to form integral parts of both fami-,Portuguese
lies.,Portuguese
SOVENKASA WASISA FWANGA.,Portuguese
Escolhe o feijão e deixa as cascas.,Portuguese
«Separar o trigo do joio». «Separar o bom do mal».,Portuguese
Choisis Vharicot et laisser les gousses.,Portuguese
«Séparer le bon grain de l'ivraie». «Séparer le bien du mal».,Portuguese
Choose the beans and leave the pods.,Portuguese
«To separate the tares from the wheat». «To separate the good from the evil».,Portuguese
SUKININA KANSI KUKONDI KO.,Portuguese
Vale mais tarde do nunca.,Portuguese
Cumprir uma tarefa mais tarde é melhor do que nunca.,Portuguese
300,Portuguese
Mieux vaut tard que jamais.,Portuguese
Remplir une tâche plus tard vaut mieux que jamais.,Portuguese
Better late than never.,Portuguese
To accomplish lately a task is better than never.,Portuguese
"SUMBA NTOYO, ENLUTA FUNGU, ZAWONSO NUNI ZA MFWANGA YOVO",Portuguese
MVIYA.,Portuguese
"Compraste um mocho e ganhaste uma coruja, são todas aves agoirentas ou de",Portuguese
mau augúrio.,Portuguese
Diz-se da aquisição de uma coisa que arrasta com ela uma outra coisa tanto pior,Portuguese
como ela.,Portuguese
Vous avez acheté un hibou et gagné une chouette. Ce sont tous des oiseaux de,Portuguese
mauvais augure.,Portuguese
Se dit de acquisition d'une chose qui s'accompagne d'une autre aussi mauvaise.,Portuguese
qu'elle.,Portuguese
You bought an owl and won a wood owl. They are both birds of ill omen.,Portuguese
Said of the acquisition of something which brings another thing so much the worse.,Portuguese
"SUMBA I LAU, BONGONONA KALAU KO.",Portuguese
"A posse por compra é segura, mas a posse por achado é questionável.",Portuguese
"«Dinheiro mal ganho, água o deu, água o levou».",Portuguese
"Ce qui est acquis par achat est sãr, alors qu'une trouvaille ne Iest pas.",Portuguese
«Bien mal acquis ne profite pas».,Portuguese
What is owned legally is more secure than what is owned by luck find.,Portuguese
«Ill-gotten gains seldom prosper».,Portuguese
"SUNZI DYA MBINDU, NTU MUNTAMBI, NKILA MUNTAMBU,",Portuguese
UKANIKUKINA NKATU.,Portuguese
"É um ratão sunzi azarento, que tem a cabeça na ratoeira, e a cauda também na",Portuguese
"ratoeira, pelo que não pode se mexer.",Portuguese
Se diz de qualquer pessoa de má sorte que está entre a espada e a parede.,Portuguese
C'est un gros rat Sunzi malchanceux dont la tête et la queue sont prises dans le,Portuguese
"piêge, de sorte qu'il ne peut pas se mouvoir.",Portuguese
Se dit de quelqu'un malchanceux qui a I'épée sur la gorge ou se trouve entre,Portuguese
I'enclume et le marteau.,Portuguese
It is an unkucky great rat sunzi which is caught in a trap with its head and tail,Portuguese
and so cannot move absolutely.,Portuguese
"Said of anyone which is in a critical situation, being between the devil and the deep sea.",Portuguese
"SYA NKWENO MULONGA, VO KAFWENE MO KO, YANI NGEYE MOSI",Portuguese
IKWENDA MO.,Portuguese
"Colocar o seu próximo numa bacia, se ele não caber nela, és tu que serás colo-",Portuguese
cado no seu lugar.,Portuguese
É o caso de um enganador redondamente enganado.,Portuguese
301,Portuguese
"Mettre ton prochain dans un bassin, et s'il il n'y tient pas, c'est toi-même qui",Portuguese
sera mis en son lieu et place.,Portuguese
«Tel est pris qui croyait prendre».,Portuguese
"If you try to put your fellow into a basin in which he doesn't fit, it will your-",Portuguese
self who will go into it.,Portuguese
«It's a case of the biter bit».,Portuguese
"SYA VUVU KU NZO A KO, MALENGE (TULA VUVU KYA DILA KUNZO,",Portuguese
NKINGA MALENGE KALEMBE).,Portuguese
"Quem espera comer em casa da sogra, encontra apenas abóbora.",Portuguese
"Esperar festejar em casa alheia, traz decepção.",Portuguese
"Qui espêre bien manger chez la belle-mêre, ne trouve que des citrouilles.",Portuguese
"Espérer fêter chez un autre, amêne déceptions.",Portuguese
"He who hopes to eat well at the mother-in-law's home, will find only boiled",Portuguese
gourds.,Portuguese
To pretend to make feast in another's home brings deception.,Portuguese
302,Portuguese
TADI DIMOSI DILENDA VONDA NUNI ZOLE.,Portuguese
Uma pedra pode matar duas aves.,Portuguese
É o mesmo que «matar dois coelhos de uma cajadada».,Portuguese
"Une pierre peut tuer deux oiseaux,",Portuguese
C'est le même que «faire d'une pierre deux coups».,Portuguese
One stone can kill two birds at once.,Portuguese
It's the same as «to kill two birds with one stone,Portuguese
TÁ DYE NTETEI TÁ.,Portuguese
O primeiro golpe conta mais do que todos os restantes.,Portuguese
"«Dá o primeiro golpe, ele será tanto forte como dois».",Portuguese
Le premier coup vaut plus que tous les autres.,Portuguese
"«Donnez le premier coup, il paraitra aussi fort que deux».",Portuguese
The first blow hurts more than all others.,Portuguese
"«Strike the first blow, it's as good as two».",Portuguese
"TADI YE TADI KATUNGANGA NZO KO,",Portuguese
Pedra com pedra não constrói uma casa.,Portuguese
«Duro com o duro não faz bom muro».,Portuguese
Pierre sur pierre ne construisent pas une maison.,Portuguese
«Fin contre fin ne vaut rien pour doublure».,Portuguese
Stone on stone cannot build a house.,Portuguese
Two difficult persons cannot do a good work.,Portuguese
"TAFUNA KUVITANGA, MINA IBOSI.",Portuguese
"Masticar vem primeiro, só depois engolir.",Portuguese
A ordem natural das coisas é vital na vida e deve ser respeitada.,Portuguese
"Mãcher en premier lieu, et avaler en second lieu.",Portuguese
Lordre naturel dans la vie est vital et doit être respecté.,Portuguese
Masticate first and swallow then.,Portuguese
Natural order in life is vital and must be taken into account.,Portuguese
"TA KINGANA, BANGUNA KINGANA, KABANGU WAKOMWA",Portuguese
MUDYAMBU DYA KINGANA (KABANGULA KO).,Portuguese
"Diga um provérbio, e explique-o, pois Kabangu foi condenado por não ter con-",Portuguese
seguido traduzir o seu provérbio.,Portuguese
Cada provérbio tem um sentido e uma explicação e quando utilizá-lo deve saber,Portuguese
explicá-lo.,Portuguese
303,Portuguese
"Dites un proverbe et expliquez-le, car Kabangu était condamné pour ne pas",Portuguese
avoir su expliquer son proverbe.,Portuguese
"Chaque proverbe a un sens et une explication, et quand vous Vutilisez, vous",Portuguese
devez en savoir la signification pour I'expliquer.,Portuguese
"Say a proverb and explain it, because Kabangu was condemned for not being",Portuguese
able to explain.,Portuguese
Any proverb has a sense and a meaning; whenever you say one you must be able,Portuguese
to explain it.,Portuguese
TATA... E... E... E... ELE VANGA YELELE! -E MWAN'E! E E! VO VANGA,Portuguese
"VENGE, VANGULULA.",Portuguese
"Pai...i...i...i...! O rio «Vanga» está cheio. Filho! Se tu agiste mal, corrija o mal e",Portuguese
voltarás a passar o rio a vau.,Portuguese
"«Quem engana o seu pai, priva-se das bênções divinas e chama a si maldições",Portuguese
que cedo ou tarde o castigarão».,Portuguese
"Pêre...e...e...e...! La riviêre «Vanga» est pleine. Mon fils! Si tu as mal fait, rec-",Portuguese
tifie le tir et tu repasseras la riviêre à gué.,Portuguese
"«Qui trompe son pêre, se prive des bénédictions divines et s“attire des malédic-",Portuguese
tions qui le puniront tôt ou tard». o,Portuguese
"Father! The river Vanga is full. Ó my Son! If you did badly, correct your action",Portuguese
and you'll ford the river or you'll wade through the river.,Portuguese
"He who'll.obtain something by fraud from his father, will be under a curse and",Portuguese
suffer punishment sooner or later.,Portuguese
"TATA KAFWA KO, MUNZO KAVILA! FWA KWA NKAKA E VILA MUNZO",Portuguese
KWA NKAK' E?,Portuguese
"«O pai não morreu, mas foi carbonizado pelo fogo em casa». Será que ele dei-",Portuguese
xou de ser morto por ter sido carbonizado pelo fogo em casa?,Portuguese
"A morte, seja ela natural ou acidental, é sempre uma morte.",Portuguese
"Le pêre n'était pas mort, mais brúlé dans une maison». La mort par brúlure",Portuguese
n'est pas moins qu'une mort par maladie.,Portuguese
"Toute perte morteile crée un vide pénible, car qu'elle soit naturelle ou accidentel-",Portuguese
"le, la mort c'est toujours la mort.",Portuguese
"My father did not die, but was bumt out in a house. But is it not the same to",Portuguese
die by illness or by fire?,Portuguese
"Death, whether by illness or by accident, is ltat is always a death.",Portuguese
"TATA NKENTO ISOPA! UMVWILE NZIMBU,",Portuguese
Casarei com a minha tia! Mas deves ter dinheiro para o alambamento embora,Portuguese
que seja a irmã ou a sobrinha de teu pai.,Portuguese
"«Nada de bom se adquire sem pena, pois, amigos, amigos» negócios, negócios a",Portuguese
parte».,Portuguese
"Je me marierai avec ma tante! Mais tu dois avoir argent pour sa dot, bien",Portuguese
qu'elle soit la soeur ou la niêce de ton pêre.,Portuguese
"«Il n'y a rien pour rien, car les affaires sont les affaires».",Portuguese
304,Portuguese
"I'll get married with my aunt! But you must have money for her dowry,",Portuguese
although she may be your father's sister or niece.,Portuguese
"«There is nothing for nothing, because busineess is business».",Portuguese
"TATA LUMBU KAFWA NGULU ZA IKUNZIKILA, «WAWU KENA MOYO",Portuguese
KAMONANGA ZO».,Portuguese
"Quando o meu pai morrer, vou honrar o seu funeral matando quatro porcos.",Portuguese
Mais é bom que enquanto ainda vivo ele os veja.,Portuguese
"«Uma coisa é dizer, outra é fazer».",Portuguese
"Quand mon pêre mourra, je tuerai quatre cochons pour ses funérailles! Ce n'est",Portuguese
"qu'un idéal, mais il est bon que de son vivant il ait 'occasion de les voir.",Portuguese
«Il y a loin du dire au faire».,Portuguese
"When my father dies, IL will Kill four pigs for his burial. Very nice, but while",Portuguese
living he must see them.,Portuguese
«A thing is sooner said than done».,Portuguese
TATA UKAYELENGE KAVUMININGI MPIPA KO. NGA NLEMBO MU MALU,Portuguese
MYA LUNGILA MYA KELE?,Portuguese
"Quando o meu pai andava, não tinha medo da noite! Mas foram completos os",Portuguese
seus dedos dos pés?,Portuguese
Este provérbio responde de forma irónica a alguém que se vangloria de uma,Portuguese
extravagância que entretanto o vitimou. «O valor que se assemelha à temeridade,Portuguese
está mais perto da loucura do que da coragem» (provérbio Espanhol).,Portuguese
"Quand mon pêre voyageait, il n'avait pas peur de la nuit! Mais ses orteils",Portuguese
étaient-ils complets?,Portuguese
Ce proverbe est une réponse ironique à quelqu'un qui se glorifie d'une extrava-,Portuguese
gance qui l'a cependant porté préjudice. «La valeur qui va jusqu'à la témérité est,Portuguese
plus prês de la folie que du courage» (proverbe Espagnol).,Portuguese
"When my father used to travel, he didn't fear the night! But had he all his toes?",Portuguese
This saying is an ironic answer to someone who boasts of an extravagance which,Portuguese
harmed him. «The bravery which goes up to temerity is near folly than courage»,Portuguese
(Espanish proverb).,Portuguese
"TEKA NDYA YE SUMB'E NZALA.YOVO TEKELENDIA, MUSUMB""",Portuguese
ENZALA.,Portuguese
Ele vendeu a fartura para comprar a fome.,Portuguese
«Ele vendeu o Sol para comprar uma candeia». (Prov. Judaico — Rosa Sha); é tro-,Portuguese
car o indispensável pelo desnecessário.,Portuguese
1 a vendu la nourriture pour acheter la faim.,Portuguese
C'est échanger Y'indispensable contre le superflu. «Il a vendu le Soleil pour,Portuguese
acheter une bougie» (Prov. Judaique - Rosa Sha». C'est échanger Vindispensa-,Portuguese
ble contre le supéritu.,Portuguese
To sell food in order to buy hunger.,Portuguese
«He bought the Sun in order to buy a candie» (Judaic Prov. - Rosa Sha). It's to,Portuguese
exchange the essential against the unnecessary.,Portuguese
305,Portuguese
TEKO DYA MBANGALA MUNKENDA ZA NZAMBI DIZINGILANGA —,Portuguese
"«Etutu dyabosoka ketolola dyo ko, evusu difita mwisi kezima dyo ko;",Portuguese
ovaikísila mfundu muna ziku.» (Yesaya 42:3).,Portuguese
O feto da estação seca sobrevive graças à misericórdia de Deus.,Portuguese
"Diz-se de uma pessoa que sobrevive mesmo sem recursos, à semelhança da",Portuguese
«planta que Deus favorece e que cresce mesmo sem a chuva». «A cana trilhada,Portuguese
"não quebrantará, nem apagará o pavio que fumega.» (Isaías 42:3).",Portuguese
Ia fougêre de la saison sêche survit grâce à la miséricorde de Deus.,Portuguese
"Se dit d'une personne qui survit même sans ressources, à l'exemple de la «plante",Portuguese
que Dieu favorise et qui croit même sans la pluie».,Portuguese
"«Il ne brisera point le roseau cassé, et il n'éteindra point la mêche qui fume»",Portuguese
(Esaie 42:3).,Portuguese
The fem of dry season outlives thanks to God's mercy.,Portuguese
"Said of someone which survives even without resources, similarly with «the",Portuguese
"plant God favors, and which grows even without the rain». «A bruised reed he",Portuguese
"will not break, and a smoking flax shall he not quench: he shall brig forth judge-",Portuguese
ment unto truth» (Isaiah 42:3).,Portuguese
"TELAMYANANGA 1 VIMPI, KUMUNANGA KIMBEVO.",Portuguese
"Estar em movimento é saude, estar apático e lamuriante é doença.",Portuguese
A vida é movimento e um homem em movimento é saudável e desenvolve o seu,Portuguese
dinanismo ou protagonismo. Um homem apático e lamuriante é um doente e,Portuguese
inhibe o seu desenolvimento normal.,Portuguese
"tre en mouvement, c'est la santé; être apathique et plaignant, c'est une maladie.",Portuguese
La vie est un mouvement et un homme em mouvement est sain et développe son,Portuguese
dynamisme ou protagonisme. Un homme apathique et murmurant est un malade,Portuguese
qui inhibe son développement normal.,Portuguese
"To be in motion is health, but to be in apathy, complaining, is sickness.",Portuguese
"Life is motion, and a man in motion is healthy but an apathetic and complaining",Portuguese
man is a sick one which inhibits his own normal development.,Portuguese
"TETA DYOKO, OKATULA MWANZI.",Portuguese
Descasque o mandioco e tire toda a fibra.,Portuguese
Trata-se de dizer toda a verdade crua sobre qualquer assunto.,Portuguese
Epelez le manioc et retirez toute la fibre.,Portuguese
Il s'agit de demander à quelqu'un de dire toute la vérité rien que la vérité sur une,Portuguese
affaire.,Portuguese
Skin the manioc and draw off all its fibre.,Portuguese
Said when you ask to someone to say all the truth about something.,Portuguese
"TOKO MFUKA ZANDI KADYANGA, KAYIMBANGA KO.",Portuguese
Um jovem pode endividar-se mas não deve roubar.,Portuguese
"Entre dois males, vale mais escolher o menor. Entre roubar e enduvidar-se, o últi-",Portuguese
mo é o menor mal.,Portuguese
306,Portuguese
"Un jeune homme peut s'endetter mais ne doit pás voler,",Portuguese
"«De deux maux, il vaut mieux choisir le moindre Voler et s'endetter, le dernier",Portuguese
est le moindre mal».,Portuguese
A young man may get into debt but must not steal.,Portuguese
"Between two evils, choose the lesser; in this case, to get into debt is the lesser of",Portuguese
both evils.,Portuguese
"TOMA WA ITOMA SAMUNA,",Portuguese
Ouvir bem é poder informar com verdade.,Portuguese
«Ter ouvido sem reter nada não faz ciência».,Portuguese
"Entendre bien, c'est pouvoir bien informer.",Portuguese
«Avoir entendu sans retenir ne fait pas de la science»,Portuguese
To hear well is to be able to inform well.,Portuguese
«Having heard without knowing by heart is not science».,Portuguese
"TONDA EKI KYAFYOTI, NZAMBI UKUVAN'EKI KYA INGI (KYA NENE).",Portuguese
"Seja agradecido com o pouco, Deus dar-lhe-á o mais.",Portuguese
"«Q pouco com Deus é muito, o muito sem Deus é pouco».",Portuguese
"Sois content du peu et Dieu te donneras le plus,",Portuguese
"«Le peu ave Dieu est beaucoup, beaucoup sans Dieu est peu».",Portuguese
"Be grateful of a little, God will give you so much,",Portuguese
"«Little with God is much, much without God is little».",Portuguese
"TONDA MONO YALONGA, NGEYE MPE TONDA MONO YAWILA.",Portuguese
"Agradece a mim quem te aconselhou. Tu também, agradece-me quem te obedeceu.",Portuguese
A vida deve entender-se como uma reciprocidade que se consubstancia pela fór-,Portuguese
"mula«toma lá dá cá», pois cada um de nós algo a dever a outrem.",Portuguese
"Remercie-moi qui t'ai conseillé. Tu aussi, remercie-moi qui t'ai obéi.",Portuguese
Ia vie est faite de la réciprocité qui se résume sous la forme de «donnant don-,Portuguese
"nant», car chacun de nous a quelque chose à devoir à autrui.",Portuguese
Thank me who advised you. You too thank me who obeyed you.,Portuguese
"Life is made of reciprocity which can be defended by «giving and receiving»,",Portuguese
because each of us owes something to another person.,Portuguese
"TONDA NGANGA, MBEVO MUKINDA.",Portuguese
O reconhecimento de um curandeiro depende da cura do doente.,Portuguese
"«Não há cura, não pagamento».",Portuguese
La reconnaissance d'un guérisseur dépend de la guérison du malade.,Portuguese
"«Pas de guérison, pas de paiement».",Portuguese
The recognition of a healer depends on the sick's recovery.,Portuguese
"«No cure, no pay».",Portuguese
TONDO KANA DITUKA KUFULU DYA MPANGA YOVO DYA KOMENENA.,Portuguese
Um agradecimento deve ser sincero e espontâneo e não forçado ou simulado.,Portuguese
307,Portuguese
O agradecimento é um sentimento que deve portanto vir do fundo do coração do,Portuguese
seu autor.,Portuguese
«Um grande agradecimento não se mete na algibeira» (Prov. Russo — R. Sha). O,Portuguese
grande agradecimento é espontâneo e vem do coração.,Portuguese
"Si le remerciement résulte d'un accord préalable, c'est qu'il est forcé et non",Portuguese
"sincêre,",Portuguese
Le remerciement est un sentiment sincêre et spontané et non forçé ou simulé.,Portuguese
doit venir du fond du coeur de son auteur.,Portuguese
«Un grand remerciement ne se met pas en poche» (Prov. Russe — R. Sha). Un,Portuguese
grand remerciement est spontané et vient du coeur.,Portuguese
Thanks must not come from a previous agreement of a group of men towards,Portuguese
"another, otherwise they are no longer sincere and heartful.",Portuguese
Thanks represent a spontaneous but not a simulated feeling which comes from,Portuguese
the bottom of the autor's heart. «Great thanks cannot be put in the pocket».,Portuguese
Great thanks are spontaneous and come from the heart.,Portuguese
TUDILANGA NDILA ZOLE: «E MONO ANDIDI»! «E MONO IKÍDIDI»!,Portuguese
"Choremos de duas maneiras: «ai de mim, mataram-me»! e «ai de mim, matei-",Portuguese
me a mim próprio»! o,Portuguese
Este provérbio é utilizado quando se dá conta de que a vítima de uma infelicidade,Portuguese
é também o causador da mesma.,Portuguese
«Ninguém se arruína senão ajudado por si mesmo» (Prov. Japonês - Rosa Sha).,Portuguese
«É ir buscar lenha e vir tosquiado».,Portuguese
"Pleurons de deux maniêres: «malheur à moi, on m'a tué»! et «malheur à moi,",Portuguese
je me suis tué moi-même»!,Portuguese
Ce proverbe est utilisé lorsqu'il est prouvé que le victime d'un malheur en porte,Portuguese
lui-même la responsabilité.,Portuguese
«Personne ne se ruine sinon aidé par soi-même» (Prov. japonais — Rosa Sha).,Portuguese
«C'est aller chercher la laine et venir tout tondu».,Portuguese
"One must cry of two mannexs: «woe of me, they killed me!, and «woe of mim,",Portuguese
I killed me myself»!,Portuguese
This saying is used when it is known that the victim of a misfortune is also the,Portuguese
actor of this situation at the same time. «Nobody goes to ruin if not helped by,Portuguese
himself» (Japanese prov. - Rosa Sha). «It is to go for wool and retum shorn».,Portuguese
"TUKALA MIKA MYA MBWA, LEKELA KUMOSI, SIKAMENA KUMOSI.",Portuguese
"Sejamos como o pêlo do cão, dormindo juntos e acordando juntos.",Portuguese
«A união faz a forças.,Portuguese
Soyons comme les poils du chien: couchons-nous ensemble et levons-nous,Portuguese
ensemble.,Portuguese
«Lunion fait la force».,Portuguese
Let us be as the dog's hair: let's sleep together and be up together.,Portuguese
«Union is strength».,Portuguese
308,Portuguese
"TUKAI'A NSISI, TUDYA SINDA DIMOSI.",Portuguese
Sejamos como nsisi ou castores comendo o mesmo toco de árvore.,Portuguese
"Nsisi ou castores são animais gregários, vivendo e comendo juntos. «A união faz a",Portuguese
força».,Portuguese
Soyons unis comme les nsisi ou castores et mangeons la même souche d'herbes.,Portuguese
«Lunion fait la force».,Portuguese
Let's be as nsisi-castors and graze on the same grass.,Portuguese
The nsisi or castors are gregarious animals which live and browse on the same,Portuguese
"stubs of the field, «Union is strength».",Portuguese
TUKALA WOWO KALA KYA TUWANA.,Portuguese
Fiquemos assim até que a estação seca nos encontre aqui.,Portuguese
Diz-se quando se assume uma postura de longa espera. O provérbio indica uma,Portuguese
resignação perante uma situação sem solução. «Resigna-te perante os inevitáveis,Portuguese
eventos. A resignação é uma força psíquica e um factor positivo» (Dr. Victor,Portuguese
Bogomoletz).,Portuguese
Restons comme nous sommes jusqu'à ce que la saison sêche nous trouve ici.,Portuguese
Se dit quand Ion veut adopter une posture de longue attente. Le dicten propose,Portuguese
la résignation en face d'une situation sans issue. «Résignez-vous devant les évé-,Portuguese
nements inévitables. La résignation est une force psychique et un facteur positif»,Portuguese
(Victor Bogomoletz).,Portuguese
Let us be as we are until the dry season finds us here.,Portuguese
Xt is said when we assume an indefinite position. This saying indicates a resigna-,Portuguese
tion for a situation without any issue. «Resign yourself to the unavoidable events.,Portuguese
Resignation is a psychic strength and a positive factor» (Victor Bogomoletz).,Portuguese
TUKATULA DYO KADIVYA KUNGOMBO.,Portuguese
Eliminemos este caso para não ser vaticinado pelo adivinhador.,Portuguese
Trata-se de evitar um caso que possa servir de pretexto falso contra o seu autor.,Portuguese
Eliminons ce cas qui peut être vaticiné par le devin.,Portuguese
RL sagit d'éviter un cas qui peut servir de faux prétexte contre son auteur.,Portuguese
Let us eliminate the case which can give a soothsayer a pretext to make a guess,Portuguese
of it against us.,Portuguese
The saying advises to eliminate any case which can be used as a false pretext,Portuguese
against its author.,Portuguese
TUKATULA KUMA E DYAMBU DYA SALA.,Portuguese
Eliminemos a causa do mal para que fica só o efeito.,Portuguese
É um conselho de vencer o mal pelo bem podendo não ser esquecido o acto em,Portuguese
"si, pois é difícil senão impossível ao homem de perdoar o mal e de esquecê-lo ao",Portuguese
"mesmo tempo, com a excepção de Deus que esquece tudo quanto perdoe segun-",Portuguese
"do as suas palavras: «Perdoarei a sua maldade, e nunca mais me lembrarei dos",Portuguese
"seus pecados» (Jer.31-34). «Não te deixes vencer do mal, mas vence o mal com o",Portuguese
bem» (Romanos 12:21).,Portuguese
309,Portuguese
Eliminons la cause du mal pour qu'il n'en reste plus que V'effet.,Portuguese
"C'est un conseil de vaincre le mal par le bien, même sans pouvoir en oublier le",Portuguese
fait. Car il est difficile sinon impossible à I'homme de pardonner le mal et de W'ou-,Portuguese
"blier à la fois, à 1 exception de Dieu qui oublie tout ce qu'il pardonne, suivant ses",Portuguese
paroles: «Je pardonnerai leurs iniquités et je ne me souviendrai plus de leur,Portuguese
"péché» (Jéremie 31-34). «Ne te laisse pas vaincre par le mal, mais surmonte le",Portuguese
mal par le bien» (Romanos 12:21).,Portuguese
"Let us eliminate the cause of the evil, and it'll remain only the effect.",Portuguese
"It is an advice to overcome evil with good, even though it is difficult or impossible",Portuguese
"to the man to forgive and forget the fact at once, except to God who can forget all",Portuguese
"he forgives, according to his words: «! will forgive their wickness and will",Portuguese
"remember their sins no more» (Jeremiah 31-34). «Do not be overcome by evil,",Portuguese
but overcome evil with good» (Roman 12:21).,Portuguese
"TULA MALU MUNKOKO, NTUNDULU (KY0ZI) KAKIDYANGA MUNTU KO.",Portuguese
"Ponha os pés no rio, o frio não mata ninguém",Portuguese
"Uma maneira de adiar a discussão de um problema, aconselhando a paciência,",Portuguese
pois a paciência não mata ninguém.,Portuguese
"Mettez les pieds dans la riviêre, car le froid ne tue personne.",Portuguese
"C'est une façon d'ajourner la discussion d'un problême en conseillant la patience,",Portuguese
car la patience ne tue personne.,Portuguese
"Put your feet into the river, because coldness does not kill anybody.",Portuguese
"It is a manner of posponing the discussion of a problem, advisisng other fellows",Portuguese
"to have patience, because patience does not kill none.",Portuguese
"TULA NKWAKU MULONGA, VO KAMUMEWENE KO, NGEYE MOSI",Portuguese
UVINGA MO.,Portuguese
"Podes procurar colocar o teu próximo numa bacia. Se ele não caber, serás tu",Portuguese
mesmo quem será castigado.,Portuguese
Esta máxima é utilizada quando uma armadilha preparada contra outrem se volta,Portuguese
contra o seu autor. Assemelha-se ao provérbio: «ir buscar lã e vir tosquiado».,Portuguese
Tu peux chercher à metire ton prochain dans un bassin. Si cela ne lui convient,Portuguese
"pas, c'est toi-même qui y sera mis.",Portuguese
Cette maxime est utilisée lorsque une entreprise dangereuse préparée contre,Portuguese
quelqu'un se retourne contre son auteur. C'est autant dire: «alier chercher la,Portuguese
laine et revenir tondue».,Portuguese
"You can want to get a fellow into a dangerous situation, if he does not deserve",Portuguese
"it, you will be your own victim.",Portuguese
It is the same as «to go for wool and retum shorn».,Portuguese
"TULEK'E TULU, TWA LOT'E NDOZI.",Portuguese
"Durmamos, para sonharmos.",Portuguese
«A noite é boa conselheira».,Portuguese
Dormons pour avoir des songes.,Portuguese
"«La nuit, le conseil vient ai sage».",Portuguese
310,Portuguese
Let's sleep and have dreams.,Portuguese
«Night brings good guidance».,Portuguese
TULU (KILU) KANA KIKONDA KUNTU KUVAVIDI KYO KUMALU KO.,Portuguese
"Se não tiveres o sono na cabeça, não o procures nos pés.",Portuguese
"Se a solução dos seus problemas não vier primeiro de ti próprio, não esperes que",Portuguese
venha de uma outra pessoa menos interessada da tua vida. «Quando não se con-,Portuguese
"segue encontrar o repouso em si mesmo, é inútil procurá-lo noutro lugar» (La",Portuguese
Rochefaucould).,Portuguese
"Si tu ne trouves pas le sommeil dans la tête, il ne faut pas le chercher dans les",Portuguese
pieds.,Portuguese
"Si la solution de tes problêmes ne vient pas de toi-même, il ne faut pas attendre",Portuguese
"qu'elle vienne de quelqu'un d'autre, moins intéressé pour ta vie. «Quand on ne",Portuguese
"trouve pas son repos en soi-même, il est inutile de le chercher ailleurs» (La",Portuguese
Rochefaucould).,Portuguese
"If you cannot find the sleep in your head, you won't find it in your feet.",Portuguese
"If you cannot solve your problems yourself, don't expect someone else less inter-",Portuguese
ested in your life to do it instead. .,Portuguese
"«When you cannot find your rest within yourself, it is useless to search for it",Portuguese
elsewhere» (La Rochefaucould).,Portuguese
"TULU MPANGI À LUFWA,",Portuguese
O sono é parente da morte.,Portuguese
O sono suspende as funções da vida consciente e mergulha o homem na vida sub-,Portuguese
"consciente cujas funções reformam, recriam e regeneram o seu corpo € espírito.",Portuguese
É a suspensão da vida consciente que assimila o sono à inconsciencia e a morte.,Portuguese
Le sommeil est le parent de la mort.,Portuguese
Le sommeil suspend les fonctions de la vie consciente et plonge Ihomme dans le,Portuguese
"monde du subconscient dont les fonctions réforment, récréent et régénêrent le",Portuguese
corps et Y'esprit. C'est la suspenstion de la vie consciente qui assimile le sommeil á,Portuguese
Vétat d'inconscience et de mort.,Portuguese
Sleep (sleeping) is kin to death.,Portuguese
Sleeping suspends the functions of the conscient life and immerges the man in,Portuguese
"the realm of the subconscient life whose functions reform, renew and regenerate",Portuguese
the body and the spirit. It is the suspension of the conscient state that likens the,Portuguese
sleep to the inconscient state and death.,Portuguese
TULU TUVILAKESANGA NZALA.,Portuguese
O sono faz esquecer a fome.,Portuguese
«O dormir é meio sustento».,Portuguese
Le sommeil fait oublier la faim.,Portuguese
«Qui dort dine».,Portuguese
The sleep helps forget the hunger.,Portuguese
«To sleep is to dine».,Portuguese
31,Portuguese
"TUMANSENDE - MADILANGA KONSO MUNTU YE TAYI KYANDI,",Portuguese
KATUNKANGATI KO - MILEKANGA MU KUTU KIMOSI.,Portuguese
"Somos Mansende, largatas não gregárias, que vivem cada uma no seu ramo.",Portuguese
"Não somos Nkangati, largatas solidárias que vivem juntas numa bolsa.",Portuguese
O provérbio diferencia o grupo de pessoas solidárias e que podem ter uma opi-,Portuguese
"nião já formada antes da discussão de um assunto, do grupo de pessoas que",Portuguese
vivem isoladamente e que devem se consertar previamente antes de se pronun-,Portuguese
ciar sobre um dado problema.,Portuguese
"Nous sommes des Mansende, chenilles non solitaires qui vivent chacune dans",Portuguese
"sur sa ramille. Nous ne sommes pas des Nkangati, chenilles grégaires qui par",Portuguese
contre vivent ensemble dans un même sac.,Portuguese
"Se dit d'un groupes d'individus de provenances différentes et qui, sans consulta-",Portuguese
"tion préalable, ne peuvent pas avoir une opinion commune, contrairement à",Portuguese
ceux qui vivent ensemble et qui pourraient exprimer facilement une opinion,Portuguese
commune déjà formée sur un problême donné.,Portuguese
"We are Mansende, a group of caterpillars which live separately on their twigs.",Portuguese
"We are not Nkangati, gregarious caterpillars which live together in a same",Portuguese
small sac.,Portuguese
This proverb telis us of the difference between two groups of persons who cannot,Portuguese
"have a common opinion on a matter without a previous meeting, and the other",Portuguese
ones who live together and who can easily have a common viewpoint on one,Portuguese
matter.,Portuguese
TUNTETE A MBASA VANA VEMBO UVOVANGA VO: ZITA YE ZITAZYANA.,Portuguese
Somos uma feixe de ramos da palmista que no ombro do homem dizem: res-,Portuguese
peita-te e respeita os outros.,Portuguese
Este provérbio é uma lição de auto-respeito e de respeito mutual e da regra de,Portuguese
outro: «não faças a outrem o que não queres que te façam a ti».,Portuguese
"Nous sommes un faisceau de branches de palmier qui, sur I'épaule de",Portuguese
"Yhomme, proclament: respectes-te et respectes les autres.",Portuguese
Ce proverbe est une leçon du civisme et de la rêgle d'or: «ne fais pas a autrui ce,Portuguese
que tu ne veux pas qu'on te fasse».,Portuguese
Were a bundle of palmist's branches which on the man's shoulder: respect,Portuguese
yourself and respect the others.,Portuguese
This saying is a lesson of good citizenship and of the gold's rule: «Do not do to,Portuguese
another what you won't like others do to you».,Portuguese
TUNDA DYA NDOKI DYA LUMBU KIMOSI.,Portuguese
A fama do bruxo é de um dia só.,Portuguese
«Não há admiração que dura mais de três dias».,Portuguese
Le renom d'un sorcier est à peine d'un jour.,Portuguese
«Il nºy a pas d'admiration qui dure plus de trois jours».,Portuguese
The fame of the sorcerer is only of one day.,Portuguese
«No wonder lasts more than three days».,Portuguese
312,Portuguese
TUNDA DYA DINGI NSONGO YOVO KIMBEVO.,Portuguese
Uma grande fama é uma doença.,Portuguese
«O homem famoso não é sossegado».,Portuguese
Une grande renommée est une maladie.,Portuguese
«L'homme le plus renommé n'est pas en paix».,Portuguese
A great fame is a sickness.,Portuguese
«The famous man is not in peace».,Portuguese
TUNDA (KUMBU) DYA MFUMU NKANGU.,Portuguese
A fama de um chefe é seu povo.,Portuguese
«Um chefe sem povo é um chefe apenas figurativo».,Portuguese
La renommée d'un chef lui vient de son peuple.,Portuguese
«Un chef sans peuple n'est qu'un chef figuratif».,Portuguese
The fame of a chief is his people.,Portuguese
«A chief without a people is but a figurative chief».,Portuguese
"TUNGU MAKUMATATU UNA YAWU KULENDELE YO NATA KO, ZOLELE",Portuguese
"DYAKA ZENGA TUNGU MAKUMATANU, WEYI UNATINA YO?",Portuguese
"Já cortou trinta vigas que não consegue levar, e quer ainda cortar mais cin-",Portuguese
quenta outras vigas! Como é que vai levá-las todas?,Portuguese
«Não cobices mais que tu não podes levar» (Esope). «Quem muito abarca pouco,Portuguese
"aperta e quem tudo quer, tudo perde».",Portuguese
Vous avez déja coupé trente poutres que vous ne pouvez pas transporter et,Portuguese
vous voulez encore en couper cinquante outres. Comment allez-vous faire pour,Portuguese
les transporter toutes?,Portuguese
«Ne convoites pas plus que tu ne peux transporter» (Esope). «Qui trop embrasse,Portuguese
mal étreint et qui veut tout perd tout».,Portuguese
"You have already cut down thirty beams you are unable to carry, but you want",Portuguese
to add fifty more ones. How will you manage to carry them all?,Portuguese
«Don covet more than you can cary» (Esope). «He who craves more than he,Portuguese
"needs mars his actual happiness». «Grasp all, lose all and over-ambition leads to",Portuguese
the loss of all».,Portuguese
TUSOMPANA KWETO E NKANU MYA VILAKANWA YOVO MYAFWILA.,Portuguese
"Casemo-nos para esquecermos antigos conflitos, se houvesse.",Portuguese
Este provérbio quer dizer que o casamento é um dos meios mais seguros de unifi-,Portuguese
"car as famílias, mesma as que eram desavindas ou desprezadas, e de enterrar o",Portuguese
machado da guerra.,Portuguese
"Marions-nous pour oublier d'anciens conflits, s'il en existait.",Portuguese
Ce proverbe veut dire que le mariage est un des de plus sârs moyen d'unifier des,Portuguese
"familles, même celles qui auraient été brouillées ou méprisées, et d'enterrer la",Portuguese
hache de la guerre.,Portuguese
"Let us get married in order to forget old confílicts, if there were any.",Portuguese
313,Portuguese
"This saying means that marriage is one of the best ways of unifying families, even",Portuguese
"those which were despised or inimical to one another, and of entering the war",Portuguese
hatchet.,Portuguese
TUTOSI DYA MÃZI KATUTOSI DYA MAZA KO. TOSIDYA MÃZI KANA,Portuguese
"DIBWA MUMAZA DITENGAMENE, TOSI DYA MAZA KANA DIBWA",Portuguese
MUMAZA DIVIDIDI.,Portuguese
"Somos uma gota de óleo que quando cai na água sobremerge, e não uma gota",Portuguese
"de água que, pelo contrário, fica absolvida por ela.",Portuguese
A gota de óleo assemelha-se à alguém cuja personalidade deixa um marco indelé-,Portuguese
vel onde está chamada a se manifestar. A gota de água simboliza uma pessoa sem,Portuguese
grande influência.,Portuguese
"Nous sommes une goutte d'huile qui fait tâche, et non une goutte d'eau qui se",Portuguese
laisse absoudre.,Portuguese
Une goutte d'huile ressemble à une personne dont la personnalité laisse une mar-,Portuguese
que indélébile partout oi elle se manifeste. La goutte d'eau ressemble à une per-,Portuguese
sonne sans une personnalité marquante.,Portuguese
"We are a drop of oil which spreads stains everywhere its is dropped, but no a",Portuguese
drop of water which is melted in any water it is dropped. o,Portuguese
The drop of oil is compared to a person who spreads his influence in every mid-,Portuguese
dle he passes by. A drop ot water symbolizes a man without personality in any,Portuguese
middle he happens to be.,Portuguese
TUTU KYA KELE NDUNGU KAKIAKONDANGA NKEMO KO.,Portuguese
A calabaça antiga que continha pimenta não pode deixar de ter o seu cheiro.,Portuguese
«Hábito antigo não se perde» e «o que o berço deu a tumba o leva».,Portuguese
La calebasse ancienne qui contenait du piment sent toujours son odeur.,Portuguese
«La caque sent toujours le hareng».,Portuguese
An old calabash which has contained pepper has always the smell of it.,Portuguese
That is the same as. «what is bred in the bone will never be got out of the flesh».,Portuguese
"TUTULA MALU MU NKOKO, NTUNDULU KA IDYANGA MUNTU KO.",Portuguese
"Ponhamos os pés no rio, a frescura nunca mata ninguém",Portuguese
"Este adágio aconselha a paciência para a consecução de um objectivo, pois «Deus",Portuguese
"está com os pacientes» (O Coran), e segundo J. Clarke, «a paciência é unguento",Portuguese
para todas as feridas».,Portuguese
"Mettons les pieds dans la riviêre, la fraicheur ne tue jamais personne.",Portuguese
"Cette maxime conseille la patience pour la réussite d'un objectif, car «Dieu est",Portuguese
"avec les patients» (Le coran), et selon J. Clarke, «La patience est un onguent pour",Portuguese
toutes les plaies».,Portuguese
"Let us our feet into the river, coolness never kills anybody.",Portuguese
"This saying advises to have patience in doing someting, because «God is with",Portuguese
"those who are patient» (The coran) and according to J. Clarke, «patience is an",Portuguese
unguent for all the wounds».,Portuguese
314,Portuguese
TUTULA NSAMU MULAMBA KYA MASWA.,Portuguese
Ponhamos o assunto numa bolsa de caça.,Portuguese
Este provérbio é utilizado quando se decide de levar um problema ao conheci-,Portuguese
mento de outrem por recolher opiniões ou pedir conselhos.,Portuguese
Mettons V'affaire dans la gibeciêre.,Portuguese
Ce proverbe est utilisé lorsque Ion se décide de porter une affaire à la connais-,Portuguese
sance des prochains pour avoir leurs opinions ou en recevoir conseils.,Portuguese
Let's put the matter into the game bag.,Portuguese
Said when we decide to let other people know « our problems in order to have,Portuguese
their opinions or to get advises.,Portuguese
TUVUTUKILA VENA ZIDIDI.,Portuguese
Voltemos aonde os animais de caça pastaram.,Portuguese
«Voltemos ao nosso assunto». «Voltemos à vaca fria».,Portuguese
Revenons oi le gibier a brouté.,Portuguese
«Revenons à nos moutons».,Portuguese
Let us go back to the place where the game grazed on the grass.,Portuguese
«Let's get back to the point» or «let's revert to the subject».,Portuguese
TUZENGA MPIDL MBOMA NLÁ.,Portuguese
"Cortemos a víbora, pois a jibóia está comprida.",Portuguese
Este provérbio é utilizado quando se quer abreviar uma história longa.,Portuguese
"Coupons la vipêre, car le boa est trop long.",Portuguese
Ce proverbe est utilisé lorsque I'on veut abréger une longue histoire.,Portuguese
"Let's cut the adder, because the boa is too long.",Portuguese
This saying is used when we want to make short a long history.,Portuguese
"TUZIMINA ITUKWENDA KUVATA, ITUKWENDA KUMFINDA AMVUMBI",Portuguese
AZIMINA TO.,Portuguese
Apaguemos o fogo que vai para a aldeia. O que vai para a floresta os mortos,Portuguese
encarregar-se-ão de apagá-lo.,Portuguese
"O provérbio aconselha de tratar primeiro do que é mais urgente, do perigo premente",Portuguese
e mais próximo ou acudir ao mais necessitado e o perigo mais afastado será elimina-,Portuguese
"do com a ajuda das outras forças, pois «não se pode cavar na vinha e no bocelo».",Portuguese
"Eteignons le feu qui va au village, celui qui va vers la forêt, les morts se char-",Portuguese
geront de I'éteindre.,Portuguese
"«Parons au plus pressé, éliminant le danger le plus immédiat; quant au danger",Portuguese
"médiat, il sera conjuré avec I'aide des autres forces, car «on ne peut pas sonner",Portuguese
les cloches et aller à la procession».,Portuguese
"Let's extinguish the fire which goes to the village, as that which goes to the",Portuguese
forest the dead will take care of it.,Portuguese
"This saying advises us to attend first the most pressing problems, the following",Portuguese
will be dealt after.,Portuguese
315,Portuguese
"TU ZINSUSU, YETO MOSI TUKIVATILANGA.",Portuguese
Somos galinhas: sustentamo-nos pelas nossas próprias patas.,Portuguese
Este adágio aplica-se a pessoas que contam apenas com os seus próprios recursos,Portuguese
pour surviver.,Portuguese
"Nous sommes des poules, nous grattons avec nos pattes pour nous nourrir.",Portuguese
Cet adage s'applique à des personnes qui ne comptent que sur leurs petites res-,Portuguese
sources pour survive.,Portuguese
"We are hens, we sctratch the ground ourselves in order to survive.",Portuguese
This saying is applied to persons which rely only on their small resources to live by.,Portuguese
TWELE KUFULU TWAYUVULA NDONA NKENTO KAVOVELANGA,Portuguese
VANDONGA KO.,Portuguese
Retiramo-nos em aparte para ouvirmos a dona da família que não pode se pro-,Portuguese
nunciar em público.,Portuguese
Trata-se de uma reunião de concertação «à porta fechada» de um grupo de mem-,Portuguese
bros da comunidade que deve ter uma opinião comum sobre um problema em,Portuguese
discussão.,Portuguese
Nous nous retirons en aparté pour consulter la grand-mêre qui ne peut se pro-,Portuguese
noncer en public.,Portuguese
C'est la maniêre de demander une réunion à huis clos avec un groupe de mem-,Portuguese
bres d'une communauté pour se former une opinion commune sur un problême,Portuguese
en discussion.,Portuguese
We ask for an aparte in order to have an opinion of the grand-mother who can-,Portuguese
not make a public statement.,Portuguese
It is the way of having a conversation behind closed doors in order to get a com-,Portuguese
mon opinion on the matter in debate.,Portuguese
"TWENDA KATULWAKA KO, TULEKA, KAKUKYA KO.",Portuguese
"Se partirmos, não chegaremos ao destino; se dormirmos, não amanhecerá,",Portuguese
"Este provérbio é utilizado quando existe um dilema, uma situação sem solução",Portuguese
que sugeria uma desistência do assunto.,Portuguese
"Si nous partons, nous n'arriverons pas à destination. Si nous dormons, il fera",Portuguese
pas jour.,Portuguese
"C'est un proverbe utilisé quand il se présente un dilemme, ou une situation sans",Portuguese
issue qui oblige à la renonciation de Y'affaire.,Portuguese
"If we go we will not arrive at the end; if we sleep, it will not dawn on us.",Portuguese
"Said when occurs a dilemma, or a situation without an issue. It obliges people to",Portuguese
give up to deal with the matter.,Portuguese
"TYOKWELA NKWA NGANGU, KANSI MUNTAMBU A KYUSU",Portuguese
KAFWILANGA.,Portuguese
"A áve Tiokwela é muito esperta, mas se deixa apanhar pela armadilha cuja iça",Portuguese
é o salalé de que gosta muito.,Portuguese
«O estucioso encontra mais estucioso do que ele».,Portuguese
316,Portuguese
"Loiscau Tiokwela est três rusé, mais il se laisse prendre par le piêge dont I'ap-",Portuguese
pãt n'est tout autre que les fourmis blanches ailées dont il est friand.,Portuguese
"«A malin, malin et demi»",Portuguese
"The bird Tiokwela is very astute, but is easyly caught by the track armed with",Portuguese
a bait made of the winged-white ants of which it is very fond.,Portuguese
«An artful meets always a more artful than himself».,Portuguese
317,Portuguese
