A ENGI ADILANGA MU LONGA SE ADILA VA MAKAYA, AY'ADILANGA VA MAKAYA SE ADILA MU LONGA;Muitos dos que comem nos pratos comerão cedo ou tarde sobre as folhas e os que comem sobre as folhas comerão nos pratos.;Este provérbio ensina-nos que tudo, neste mundo, está sujeito a inúmeras vicissitudes, e que ninguém sabe hoje de que será feito o amanhã, pois que, de um lado,segundo Cândido Figuereiro, «nada há seguro na estrada da vida» e que de outro lado, «não há bem que sempre dure, nem mal que não acabe».

A ENGI AVWANDANGA VA KYANDU, SE AVWANDA VA NTOTO,AVWANDANGA VA NTOTO SE AVWANDA VA KYANDU (KYANDI);Muitos dos que se assentam nas cadeiras, assentar-se-ão no chão, e os que estão sentados no chão assentar-se-ão nas cadeiras.;Este provérbio, como o primeiro, significa que neste mundo tudo pode mudar, pois «nada na vida é permanente».

AFWIDI MU VITA KA ENA LUTANGU KO, MUN'ATUKIDI ENA YE LUTANGU LWAU.;Os que morreram na guerra são inumeráveis. Contudo, são conhecidos pelas suas familias pelos seus nomes e números. Assim, durante a guerra, as famílias conhecem e choram os seus entes queridos mortos pela pátria, enquanto o estado os regista pelos seus nomes e soma o seu número.;— Cada estado deve honrar os seus filhos tombados no campo de batalha pela defesa do país e cada povo deve lembrar-se dos seus mártires.

AKENTO ANATI À NKALU ZA MAZA YE MAFUNDA MA MAMBU.;As mulheres são portadoras das calabaças de água e dos embrulhos de bisbilhotices, isto é, as mulheres são mais boateiras do que os homens;«Ser uma mulher e calar-se são duas coisas incompatíveis.» (Tirso de Molina).

«AKENTO KUMI NGIN'AU!»: NGEYE MOSI UKIVUNANGA.;«Tenho dez mulheres»: Tens dez? «Tu te enganas a ti mesmo.»;Estas tantas mulheres não são realmente todas tuas, pois: «quem muito abarca pouco aperta.»

AKENTO NSAMBWADI ANETE NSENGO NSAMBWADI KU NKOKO ATOMBOKELE YE NGANDU NSAMBWADI, AVO AKALA NSAMBWADI ANETE TANZI NSAMBWADI, WANA SIMBI NSAMBWADI ATOMBOKA YAU.;Sete mulheres foram ao rio com sete enxadas e trouxeram sete crocodilos. Se sete homens forem ao mesmo rio com sete machados, trarão certamente sete sereias.; Este provérbio significa que «as grandes causas produzem grandes efeitos».

AKI NANZIMA, MBÃLU ANTIMA ANWANINANGA YE MAZUNU MA NKELE M'ANKONGO.;As civetas dizem: «Lutamos contra as bocas de espingardas dos caçadores por causa da sua crueldade.»;Refere-se a pessoas revoltadas que justificam a sua violência pela maldade excessiva dos seus inimigos.


AKULU ADYA MBÁ (NGAZI), ATAWULE NKAMFI.;Os antepassados comeram as nozes da palmeira e deitaram os sobejos.;Os antepassados cumpriram os seus deveres e transmitiram o facho às novas gerações. Agora é a vez destas de se mostrarem dignas da herança recebida.

AKUNDI KAKONDI, AKUNDI KASAKI.;«Não» à falta de amigos, e «não» a numerosos amigos.;«Amigos: nem nenhum, nem muitos». «Ter muitos amigos é como não ter amigo algum com que contar».

AKWA NGANGU YE NGANGU KALENDI TUNGILA VA KIMOSI KO.;Dois intelectuais não podem conviver juntos, pois os seus talentos, em vez de uní-los, opônem-no.;Como «dois galos não podem cantar na mesma capoeira» também «os grandes homens não podem aturar-se uns aos outros e quase não têm o espírito. É bom misturá-los com os pequenos.» (Anatole France).

AKWA NGUBA KANGU NKATU, AKWA KANGU NGUBA NKATU.;Os que têm amendoins não têm torradeira, os que têm torradeira não têm amendoins.;«Deus dá nozes a quem não tem dentes.»

AKWENDA MALEMBE ATA MASAKUBA SUNGULA NGEYE UTA KWEND'E NTINU.; Os que vão devegar são susceptíveis de tropeçar, com maior razão tu que vais correndo!; «Devagar que tenho pressa», «Quem tem pressa de mais tropeça no fim» ,«A pressa é inimiga da perfeição».

ALAMBI AYINGI MADIA AYIVISANGA.;Muitos cozinheiros estragam a sopa.;«Quando muitos homens envolvem-se num assunto, o resultado é uma confusão.» (L.& R. Flavel).

ALEK'AYOKANGA NDUNGU AKOVOLWESANG'AZITU.;Os jovens que queimam jindungu (piri-piri) fazem tossir os sogros.;«O mau comportamento dos jovens envenena as relações dos adultos.»

ALEKE, NTU MIA NZENZE KA MITWANGA MWAMBA KO.;Os jovens são como cabeças de grilos que não suavizam os temperos.;Diz-se dos jovens que não se conformam com os conselhos dos seus pais ou dos adultos em geral..

ALELE ANTU, ASIKAMA A MPOFO.;Os adormecidos são homens activos, os despertados são homens cegos.;Este provérbio refere-se à actividade de um homem adormecido e um outro em estado de vigia, e mostra que a actividade do homem adormecido dirigido pelo seu subconsciente é mais eficiente que a do homem despertado. «Na vida terrestre, segundo J. G. Bourgeat, há dois estados absolutamente distintos: o estado de vigia destinado ao trabalho fecundo para aquisição das virtudes que se consubstanciam numa só: isto é, a prática da fraternidade; e o estado de sono em que a alma não é de modo algum adormecida, pois procura afuroar sem cessar em todos os lados, para reencontrar, através da floresta obscura que é a vida, o caminho que leva à Montanha, à Luz, à Felicidade, a Deus!».

AMBOTE I AKWENDANGA, AMBII ASALANGA.;Os bons partem cedo, os maus ficam mais tempo.;O adágio significa que os bons morrem cedo ao passo que os maus vivem mais tempo. «Má erva cresce sempre».

AMBUTA ATUKANIKINA VO KATUDYE NKASA ZA NKUKUTU YOVO WANDU WA NKUKUTU KO.;Os antepassados proibiram-nos de comer feijões crus.;Este adágio é utilizado para incutir ou reforçar o respeito de uma tradição ou de um preceito legado pela antiga sabedoria.

AMBUTA KADI KUSISILA NZUNDU KO AVO KAMONT MPINU KO YOVO: AMBUTA ASISILA NZUNDU, MPINU AMONA.;Os velhos não te teriam investido da autoridade se não te tivessem julgado capaz mas porque confiaram na tua sabedoria.;Este provérbio é um reconhecimento da competência dos jovens que assumem sabiamente as responsabilidades herdadas dos seus mais velhos ou antepassados. Assim, foram escolhidos como seus dignos sucessores porque mostraram-se dignos da sua confiança.


AN'A FUTANGA MBI IVANGANGA MASE MAU Yovo N'NDIA MFUKA 5, KANSI MEUTI À MFUK A: MWANA.;O filho sofre da maldade do pai - ou quem se individa é o pai, mas quem paga a dívida é o filho.;O mal que comete um homem o segue e afecte directamente na sua cane, ou indirectamente através dos seus filhos.

AN'A MBWA KA VITA TEMONA MESO KO EKUMA IMANATA NGUDI A MBWA MENGIL.;Os cachorrinhos não abrem cedinho os olhos por causa de muitas maldades da sua mãe.;As maldades dos pais repercutem-se na sua progenitura. «Muitas vezes o pequeno javali paga pelos estragos do javali adulto» (provérbio Dinamarquês - R.Sha).

AN'ANGUDI AVATILA VA MOSI KANSI, E MWINGILU 1 MBUTA.;Os filhos de uma mesma mãe que lavram num mesmo campo, devem precaverse contra possíveis contendas demarcando primeiramente os limites de suas
propriedades respectivas.;«Sede irmãos na vida comum, mas estranhos nos negócios» (Provérbio Árabe - Rosa Sha). «Mais vale prevenir do que remediar» pois, «as propriedades são fontes de conflitos entre irmãos.»

ANSIDIDI MBOLONGO YA TIYA VA MOKO.;Puseram-lhe uma beringela quente na mão.;Este provérbio é o mesmo que «colocar uma batata quente na mão de alguém ou embaraçá-lo com um problema de difícil solução».

A TUMA AVAVA, ANATI À NSANGU A ENGI (A INGI).;Os mensageiros são raros, os boateiros abundam.;«Más novas viajam depressa.»

AVITA ASUKININA, ASUKININA AVITA.;Os primeiros serão os derradeiros e os derradeiros serão os primeiros (Mat. 20:16).;Este provérbio é um conselho de não dormir sobre os louros mas de fazer um esforço sustentado em qualquer actividade importante da vida.

AVITANGA ZIKA MVUMBI KIE NTU AZIKANGA YOVO AKANGANGA, AY'ASUKININANGA KIE MALU AZIKANGA.;Os primeiros que estão presentes num funeral enterram a cabeça do morto. Os que chegam depois do enterro enterram os pés.;A cabeça do defunto refere-se ao enterro do próprio morto e os pés representam os problemas subsequentes e pendentes do seu óbito.

AVO KOVOLA, TAULA, E NTULU AKU IBOSI IVEVOKA.;Se tossir, expectore, pois assim, os pulmões lhe serão aliviados.;Todo o mal que afecta a nossa vida deve ser sanado a tempo e o risco de ver o nosso estado piorar. «Quem negligencia perde.»

AVO NSWA LEKELE, KUKAKI KO E NWA.;Se armares uma massa, não tapes a sua abertura.;O provérbio indica que quando tens um empreendimento não cria obstáculos ao seu normal efeito.

AVO MBIZI UKONDA, KUKOVODIKO.;Se estiver à espreita de uma caça, não deve tossir. «Barulho e caça não andam de mãos dadas» (G. T. Zona).;A indiscrição sobre um assunto em perspectiva prejudica a sua consecução. «Dai, a precaução em demasiada nada prejudica.»

AVO NTELA WAVAVA, KUBATAMA KO AVO MONA FWANGIL.;Se quiseres ser alto, não evitas o matagal.;Se quiseres ser grande, não fujas aos incómodos da grandeza. «Quem boa cama fizer nela se deitará.»

AVO NTI WATEKAMA VANA KWA MBANGU KASINGIKA, ELONGI DIA MBOTE MUNTU A MBOTE UVANANGA DIO.;Se um arbusto estiver torto, entregue-o a um artista para endireitá-lo. «Um bom conselho é dado por um homem bom e sábio» (Pelo «Venerável» Simão G. Toco).;O arbusto torto representa uma situação crítica que pode encontrar solução com a ajuda de um homem bom.

AVO TINA UTA TINA, YOVO LANDA ATAKULANDA, NDA SOTODINGI IBOSI AKUYAMBULA.;Se estiveres a fugir, vai deixando cair o que possuíres para que os teus perseguidores, preocupados em apanharem o que tu lhes deitares, te deixem andar em paz.;«Quem quiser guardar tudo, tudo perde.»

AVO TOTA NTUMBU MU NZILA, MUNTU VITIDI MO SOTWELE YO.;Se achares uma agulha no caminho, foi alguém que te precedeu quem a deixou cair.;Tudo quanto recebemos na vida é obra de alguém que nos abriu o caminho.

AVO VANGA DYAKA DYAMBU DYAMBL NGIELE KUDIKISA NKASA KWA MANDYANGU WADYA NGUDI ANDI SUNGULA NGUDI A NKWENO.;Se cometeres outra maldade, terei de te submeter à prova de veneno preparado por Mandiangu que comeu a sua mãe, e com muito mais razão, a mãe de outrem;Um malfeitor que já comeu sua própria mãe, não vacilará em fazer o mesmo a uma outra pessoa indefesa. Daí: «Um malfeitor não é amedrontado senão por um maior malfeitor que ele.»


AV'OZOLA NKASA, MAFUNGUNUNU KUVONDIKO.;Se desejares feijão, não mates os zangãos. São eles que disseminam o pólen que faz germinar as flores.;«Onde há mel, há abelhas» e «não há rosas sem espinhos».

AVO WELE VATA, WENE WANTU ATELEMA, NGEYE MPE TELEMA, AVO AVWANDA, NGEYE MPE VWANDA.;Se chegares a uma aldeia e encontrares que os habitantes estão de pé, fica de pé também ... se os encontrares sentados senta-te também.;Este adágio é o equivalente do provérbio: «Em Roma, faz como os Romanos ou em Roma, sê romano.». «Quando estiveres no estrangeiro, não esqueças a tua parte de humiliação» (provérbio árabe — citado por M. Maurois — Larousse).

AVO ZOLA TUNDA, KUKADI YE NTIMA BALA KO.;Se tu queres as honras, não tenha um coração de pedra.;«Doçura atrai, acridez repele» (H.V.Roy).;«Vale mais o jeito do que a força e a violência».

AWOLE WANTU, UMOSI NINGA.;Dois são um grupo, um só é uma sombra.;«Melhor é serem dois do que um, porque têm melhor paga do seu trabalho. Porque, se um cair, o outro levanta o seu companheiro, mas ai do que estiver só pois, caindo, não haverá outro que o levante.» (Eccl. 4:9-10).

AYA BENA YE MENO, MASANGU NKATU, AYA BENA YE MASANGU MENO NKAIU.;Os que têm dentes não têm milho. Os que têm milho não têm dentes.;«Deus dá amêndoas aos que não têm dentes.»

AY'AVWIDI NSINGU NSANGA NKATU. Y'AVWIDI NSANGA NSINGU NKATU.;Os que têm pescoços não têm colares. Os que têm colares não têm pescoços.;Segundo Jerome K. Jerome, isso acontece porque existe neste mundo este princípio: «cada qual tem em partilha algo de que não tem nada que fazer, e outros possuem o que faria a felicidade dos seus vizinhos.».

BABA KA LUNGANGA KNANU KO.;O surdo-mudo não ganha um processo judiciário, pois a palavra salva o réu, o silêncio o condena.;«Quem cala consente, e quem consente é cúmplice.»

BÁ DIA NSENDE NKW'A NGOLO UMATANGA DIO.;Uma palmeira espinhosa é trepada só por um homem audacioso.;A palmeira espinhosa simboliza um empreendimento difícil ou o caminho montante e difícil da vida, representado por um lindíssimo poema de Luís de Camões
nos seguintes termos graves mas também suaves e encorajadores.

BÁ KANA DIVIDI ETUKU NSÍNGA.;A palmeira queimou-se por causa das suas fibras que pegaram fogo.;Quando uma palmeira pega fogo, a causa imediata é atribuída às suas fibras. «Não há efeito sem causa».

BONGA NONA KIE VULUKILA MUNTU, KA NONA KIE FWILA MUNTUKO.;Tome um exemplo de um facto que salvou alguém mas não daquele que o prejudicou. «Em casa de enforcado não se fala em baraço.» A sabedoria consiste em utilizar um argumento, um exemplo ou um provérbio, que te justifica e não te condena.

DIDI NKEKA, BUNDU YA NKEKA NANI DIDI YO?;Comeste a planta nkeka, quem comeu os seus frutos?;Este provérbio significa que a aceitação de uma parte da verdade não iliba das consequências do mal cometido. «Quem aceita o principal, aceita também o secundário», «Quem aceita o problema, aceita também as suas consequências».

DIDI ZASONGO E ZA YANGA ZINLAKILU.;Comerá agora peixe espetado que se vende no mercado da aldeia, em detrimento do inesgotável peixe do lago a pescar à vontade.;Diz-se de alguém que perde uma posição vantajosa e segura para uma mais desvantajosa menos segura.

DIKOKO, MBIZI A NSONI, FUKU IMBUTA.;O gafanhoto é uma comida vergonhosa, mas torna-se importante quando é bem coberta.;«A coisa mais comum, uma vez que nos é escondida, torna-se uma delícia.» (Oscar Wilde).

DILA MU MESO KAKUTOMANGA KO.;Comer com a avidez ou sofreguidão dos olhos não é bom, é enganar o estômago.;«Ter mais olhos que barriga é prejudicial.»

DILU KA MVULUZI KO;O chorar não salva e as tristezas não pagam dívidas.;Segundo Shakespeare: «as lágrimas provam a afeição, mas não são um remédio» e Euripide afirma que «a força da alma é preferível à beleza das lágrimas.»

DINSUSU-NSUSU NKETE DITA NSUNGA, MUNTU NIKWENE DIO.;A planta dinsusu-nsusu espalha o seu aroma só quando for mexido por alguém.;Este provérbio refere-se á situação de jovens mulheres que em geral suscitam rivalidades da parte de vários pretendentes especialmente no momento preciso em que são escolhidas por verdadeiros amantes que, assim, as incitam a brotarem como lindas flores, dos seus botões.

DISU DIFWIDI NKOKELA (MASIKA) DIELE BETELA YE KILU.;É uma feliz coincidência o facto de o olho ter sido magoado justamente na caída da noite.;Diz-se de alguma coisa que acontece concomitantemente com uma outra cuja presença pode lhe ser favorável.

DIVENGE NKWENO AVO KU VENGE DIOKO MENO NGANI.;O que fez o outro embota os teus dentes se não o fizeres.;Refere-se aos exemplos que são contagiosos.

DYA DYAKI KANSI SISA NGUDI A NSUSU.;Come o ovo mas poupa a galinha;«Não abata a árvore para colher a fruta». «Viva e deixe viver».

DYA KANA KUTUKA MPAKA, MAZOWA ADIDIKO.;Se a comida originar contenda, é um sinal de que os que a comem são tolos.;No desfruto de todas as coisas, é necessário ser tolerante, moderado e não egoísta, sabendo que: «todas as boas coisas encontram-se na natureza».

DYAKI DIMOSI DYAWOLA DI FWASANGA MAKI MAMENGI.;Um ovo podre contamina muitos ovos frescos.;O mau exemplo é contagioso e estraga muita gente. «Anda com os bons, serás um deles. Chega-te aos maus, serás pior do que eles.»

DYAKI DINA MU NWA DILUTIDI NSUSU INA KUNA SANZI.;Um ovo na boca vale mais do que uma galinha na capoeira.;«Mais vale um pássaro na mão do que dois a voar».

DYA KUSWAMANGA, MAMBU KA MASWAMANGA KO.;Pode-se esconder a comida, mas não as notícias.;«As notícias espalham-se rapidamente».

DYA KU ZANDU, MBALU KU VATA.;Do que se gasta no mercado, faz-se a conta no regresso à aldeia.;Depois de cada empreendimento, segue-se um balanço entre as entradas e as saídas e apura-se o saldo que permitirá maximizar o activo se o saldo for positivo, ou
minimizar o passivo se o saldo for negativo. «Todo prazer paga-se em seu devido tempo».

DYA KWAKU FWA DYA MVUMBI, KANSI DYAMBU DIANDI KULENDI DYO DYA FWA KO YOVO: FWA DYA MVUMBI DYA KWAKU KANSI DYAMBU DYANDI KULENDI DYO DYA FWA KO.;Podes herdar os bens de um morto, mas não podes apoderar-se da sua última
vontade.;A última vontade de um morto é sagrada e ninguém pode contrariá-la impunemente. «Apoderar-se da última vontade de um morto é tornar-se devedor de uma propriedade espiritual alheia, de que não se pode libertar nesta vida.»

DYA KWAKU, NWA KWAKU, KANSI FULU KYA LEKA IKIBADIDI.Yovo: DYA, NWA, KANSI FULU KYE LEKA IKIBADIDI.;Pode comer, pode beber, mas o lugar onde dormir importa muito.;Este provérbio mostra -que de entre as necessidades fisiológicas primárias como
comer, beber, etc., o lugar para dormir importa mais.

DYA KWA MENE, MAKANI NKOKELA.;Quem quiser comer de manhã, deve fazer provisão na véspera.;«O passado prepara o presente, e o presente prepara o futuro.»

DYA LUNDAMA, VOVA DYA VINGA.;Um assunto adiado aguarda de ser debatido mais tarde.;«Um assunto adiado é uma discussão adiada» .

DYA LUNDA, NZALA LUMVUTU.;Coma e poupa, a fome volta sempre.;Poupar é a melhor prevenção para o futuro.

DYA LUNDA TOMA KWATOMA.;Comer e conservar algo para amanhã é ser previdente.;«Hoje é o pai da amanhã» (V. Delagr.).

DYA MBIMBU OSILA VOVO Yovo: DYA NDOFI Yovo SYA NSILU WASILA VOVO.;Tome a firme determinação de parar e não voltar mais a cometer o que é mau.;É uma obrigação feita a alguém de mudar o seu comportamento uma vez para

DYAMBU DITANGININWANGWA, MUNTU UYANTIKANGA DYO.;Um assunto que se imita começa sempre por um iniciador.;«Há sempre um iniciador de uma coisa, pois nada deriva de nada».

DYAMBU DYAMBOTE DILENDA KITUKA SE DYA MBI EADYA MBI DILENDA KITUKA SE DYA DYA MBOTE.;Pelo seu uso, um bom assunto pode tornar-se mau, e um mau assunto pode tornar-se bom.;A maneira de tratar os problemas pode transformar uma boa causa numa má, e uma má causa numa boa. «A causa mais santa muda-se em uma ímpia ou execrável, quando se usa crime para sustentá-la.»

DYAMBU DYAMBOTE KU MFOKO YOVO: NKUNGA MBOTE KU MFOKO. Tudo é bom quando acaba em bem (Shakespeare).;«Se o mais difícil é começar, o mais importante é acabar bem.»

DYAMBU DYA MEWANGA ZA NDUNDU YE MBAKA.;É um caso intricado, devido à influência enigmática do albino e do anão, ambos misteriosos pela sua natureza.;Este provérbio é utilizado por quem se depara com uma situação insóluta ou enigmática que merece ser tratada com muita cautela.

DYAMBU DYAMPA KADINANGANGA KO, DYA NKULU DINANGANGA.;A novidade de uma coisa não dura, só a sua antiguidade é que dura.;Este provérbio significa que o que parece novo hoje perderá, já amanhã, o carácter de sua novidade e se tornará antigo com o tempo. «Não há um prodígio que dura mais de três dias.»

DYAMBU DYA MPITISA, NDEMBI ZEKOLA.;Uma primeira exigência posta na resolução de um problema é sempre difícil a contornar.;O provérbio indica que a falta de cumprimento dos compromissos acordados numa primeira discussão dificulta a solução do problema a resolver. «Uma coisa é prometer, mas outra coisa é cumprir».

DYAMBU DYA NKENTO YE YAKALA KADIKOTWANGWA KO. KANA KOTA DYO SIDI YE NSONI.;Num assunto entre mulher e marido não te metas, pois se te entremeteres, ficarás envergonhado.; «Brigas de namorados, amores renovados.»

DYAMBU DYANKULU DYAMPA DIKUMPFUTUMUNANGA. Um assunto antigo pode ser ressuscitado por um novo.;Uma nova contenda pode ressuscitar uma antiga. «Por mais enterrado que pareça um passado, basta uma pouca coisa para o ressuscitar.» (Edouard Estaunié)

DYAMBU DYAVITA DYETO, DYASUKININA DYETO.;Um assunto que antecede na ordem do dia é nosso, o que fica em última análise é também nosso.;Usa-se este provérbio para afirmar a importância de um assunto esquecido na ordem de dia e conserva ainda a sua actualidade pelo que deve ser tratado em última análise.

DYAMBU IDINA MU KULU, KALA MU KOKO NGA NSASUMWENE DYO.;O assunto agarrou-me pelas pernas, se fosse pelos braços, eu o teria sacudido.;O provérbio exprime a impossibilidade de alguém de rejeitar a responsabilidade de um assunto que lhe diz respeito, embora constrangido pela falta dos meios necessários para o efeito.

DYAMBU KADILOSWANGWA KO. WALOSA DYO MU MAZA, KADIKUKULA KO. WALOSA DYO VA TIYA, KA DIVYA KO Yovo: DYAMBU DA DILOZWANGWA KO, WALOZA DYO MU MAZA, KADIKUKULA KO. WALOZA DYO VA TIYA KA DIVYA KO.;Um problema não pode ser deitado fora. Se atirá-lo num rio, não será levado pela corrente de água, e se atirá-lo no fogo, não será queimado.;Só debatendo um problema que se pode encontrar a sua devida solução, mais não contornando-lo.

DYAMBU KANA YAMBULA DYO, DIYAMBWELE, KANA LANDA DYO DILENDE.;Se te desinteressares de um assunto, o assunto desinteressar-se-á também de ti.;Os problemas assumem apenas a importância que nós próprios lhes atribuirmos.

DYAMBU NDEKO, MBIZI NKONDA.;Para tratar um assunto, é preciso ter cautela e habilidade, para caçar um animal, é preciso estar alerta.;O provérbio mostra que o sucesso de um assunto depende da maneira como é tratado. Como a precipitação pode prejudicar a caça, de igual modo, a falta de ordem e de habilidade pode comprometer o resultado de uma questão que, à primeira vista, pode parecer oportuna.

DYA MU LUNGILA, KA DYA MU YUKUTA KO.;O mais importante é que a comida chegue para todos e não que todos estejam repletos. - Numa manifestação de óbito, o mais importante é que a comida oferecida aos convidados chegue para todos. «Vale mais pouco do que nada» (Libanius).

E DYANTETE SUSA KYA DEZO, DYA ZOLE VILAKANA, DYA TATU LUKANU.;Uma ofensa pode ser cometida por três vezes: uma primeira vez por acidente, uma segunda por esquecimento ou engano, e uma terceira por pura intenção.;«Uma ofensa não pode ser cometida mais de duas vezes sob o mesmo pretexto de acidente ou de engano». Uma moça engravida-se pela primeira vez pela segunda vez é por sua própria vontade.

DYANGA KYUSU, WAU DIDI NKANGANZINZI.;De todos os tipos de salalés que já comeste, este último salalé peçonhento será o teu golpe de misericórdia.;O provérbio refere-se a um mal pior de entre todos os outros males que alguém já enfrentou.

DYA TINI, FUTA LUSILA.;Tu recebeste uma parte de uma coisa, mas pagarás a totalidade.;Quem danifica uma parte de um bem, restaurará todo o bem. «Quem parte velho, paga novo».

DYA VOVWA KOLO, DIMBU NSI ZAMESO.;O que já foi dito, basta uma piscadela para ser relembrado.;O provérbio quer dizer que um simples gesto ou uma olhadela pode fazer lembrar um acontecimento anterior, até mesmo uma combinação secreta.

DYA VUNDA, VOVA VUNDA, SALA VUNDA. Comer precisa de pausa, falar e trabalhar precisam também de pausa.;Para tudo que é grande e bom na natureza, a sabedoria recomenda: moderação, moderação e ainda moderação.

DYA WAKAYILA NKAZ'AKU DYODYO KADILONGESELWANGA KO.;«Coma e partilha a comida com o seu cônjuge.» Isso não se aconselha.;Pedir a um marido de partilhar a comida com a sua mulher, seria forçar uma porta já aberta, pois, «há uma lei que ordena ao homem de acariciar a sua mulher, e à mulher de fazer o que deseja o seu esposo (Euripide), e, segundo a Bíbla, «quem ama a sua mulher, ama-se a si mesmo» (Efésios: 5:28).

DYA YE NKENTO, DYA YE NKADI-AMPEMBA.;Comer com uma mulher é comer com um diabo.;O exemplo vem de cima com a Dalila, que traiu seu marido Sansão, aos seus inimigos pela ambição de dinheiro.Sansão confiou nela e lhe revelou o seu segredo,

DYODYO KAZEYE KO MFUMIU, NGANGA ZEYE.;O que ignora o chefe é sabido pelo curandeiro.;Aqui, o curandeiro representa a pessoa interessada no assunto e o chefe é apenas o conselheiro que deve conhecer do acontecido para a sua solução.

DYODYO KUZEYE KO I MPUTU.;O que tu não sabes é a Europa.;A Europa, mundo muito distante do Kongo, era sinónimo da incógnita de tudo quanto era desconhecido por aqueles que não podiam chegar à Europa. Assim, tudo que é desconhecido é representado pela Europa longinqua e desconhecida.

EDYA LUKU LWA NSAKL IBÃK'ELAKA.;Comer a farinha de mandioca com as folhas de mandioca obriga a arranhar a garganta.;As folhas de mandioca eram consideradas outrora como um dos mais pobres alimentos, e quem tivesse só essas para satisfazer a sua fome, devia se arranhar a
garganta. Esta máxima é utilizada, quando alguém está confrontado com uma situação dificil em que é obrigado a dizer toda a verdade e só a verdade.

E FOMO (FUMU) NKADI MU TEKA YO YANGALALA.;Para vender o tabaco amargo, deve-se ser alegre.;As más qualidades das coisas devem ser compensadas pelas qualidades morais ou pelo caracter jovial do possuidor ou vendedor.

E KANDA KANDA, KU VONDI LONGO LWAME KO. E LONGO LONGO KU VONDI UNGUDI WAME KO, YOVO: E UNGUDI UNGUDI, KU VOBNDI KO LONGO LWAME; E NKENTO, NKENTO, KUVONDI KO UNGUDI WAME.;Família, família, não destrua o meu matrimónio. Mulher, mulher, não destrua a minha família.;O provérbio quer mostrar que a família e a mulher são indispensáveis na vida de um homem, pelo que é imprescindível o entendimento entre os cônjuges e os membros das suas respectivas famílias para uma vida familial harmoniosa. «Um homem divorciado é um homem infeliz».

E MBONGO, E MBONGO, PÍ-f! E MUNTU, E MUNTU, KONGO (YOVO = INGETA = KALUNGA).;Dinheiro, dinheiro, sem resposta. Homem, homem, aqui estou! Quando se chama o dinheiro, ele não responde, mas quando se chama o homem, ele responde: presente!.;O provérbio mostra que o homem vale mais do que o dinheiro. O dinheiro foi feito para o homem mas o hornem não foi feito para o dinheiro.

ENDE (WENDE) MBWA, NKI DIAMBU WIDI MUNA NW'A MBWA?;Bateu o cão, mas o que ouviu da boca dele?;Nunca condene o réu antes de ouvi-lo.

ENTI TUNZENGELE, EFUTI LENGELE.;A árvore foi abatida, as folhas murcharam e tudo acabou.;«O problema foi tratado, e a solução encontrada, pelo que a discussão pode ser considerada como terminada».

«E NTYETYE, DILA NGUDI AKU»! NZOLELE, KANSI YANI NTU UTUKA KINSANGA ULUTALA.;Ô carriça, chora a morte de tua mãe! Eu queria bem, mas vejam a exiguidade da cabeça donde sairiam as lágrimas.;«Ninguém é obrigado a fazer o que não pode».

E NZAMBI UNSADISI. NGEYE BENE UKISADISA.;Deus, ajuda-me. Ajuda-te a ti mesmo.;«Trabalha, que Deus te ajudará». «A quem madruga Deus ajuda»

E UNGUDI UNGUDI, KUNDIA NZIMBU KO. E NZIMBU NZIMBU KUNDIA UNGUDIKO.;Família, família, não acabe com o meu dinheiro. Dinheiro, dinheiro, não destrua a minha família.;«Amigos, amigos, negócios à parte». Riqueza e união familial são bênçãos divinas. A unidade da família e do dinheiro deve fazer a felicidade e não a miséria de todos.

E UNGUDI UNGUDI, KU VONDI LONGO LWAME KO, E NKENTO, NKENTO, KUVONDI UNGUDI WAME KO.;Família, família, não me separe da minha mulher. Mulher, mulher, não me divide da minha família.;«Um homem divorciado é um homem infeliz por ter rompido a unidade com uma parte essencial de si próprio.»

«E YENGA, UMPAN'E NTOTO». «MONO WOWO UNA KULONDE UYIVAVA.»;Ravina, dá-me da tua terra. Mas a ravina responde: «Eu é quem precisa mais da tua terra que está em cima». O provérbio mostra a incongruidade de quem pede a um homem nu de vestir um outro homem esfarrapado ou andrajoso.

EZI ZIKOKOLANGA KU MAKI ZITUKANGA.;Os galos que cantam começam nos ovos.;«Grandes carvalhos germinam das balotas.»

FU KIA MUNTU KA KISOBWANGWA KO NZE NLELE.;Não se muda o hábito de alguém como uma roupa.;«É mais fácil mudar o curso de um rio do que o carácter de um homem.», «O lobo muda a pele mas não o vezo.»

FU KYA NKELE, KU MPUTU KIATUKA.;É um defeito da fábrica (origem) da espingarda.;O provérbio refere-se a um defeito congenital de alguém, difícil de ser corrigido por ser inerente à sua própria natureza.

FUMA DYA NZAMBA, KANA WOLESA DYO KIZOWA KYAKU, KANA YUMISA DYO NGANGU ZAKU.;Se deixares apodrecer a tua porção de carne de elefante, isso demonstra a tua ignorância. Mas se a deixares secar, proverás a tua inteligência.;Este provérbio distingue a prudência da negligência na protecção dos bens e outros interesses da vida, e mostra pelos referidos exemplos que «a prudência é mãe da segurança» enquanto que «a negligência é fonte de males maiores.»

FUNDA KUFULA VATA KIZITILANGA.;O fardo torna-se mais pesado na proximidade da aldeia.;Diz-se de uma tarefa bem iniciada mas que se torna mais difícil ou impossível de ser levada ao bom termo quase no seu fim. Isto significa que «semear é menos penoso do que colher, pois as dificuldades aumentam à medida que se aproxima do fim.»

FUTA KYALUNDA KAKA, MVULA KIWANANGA.;A queima do capim, sempre adiada para mais tarde, pode coincidir com o período da chuva susceptível de impedi-la.;Um assunto sempre adiado pode ser contrariado pelo surgimento de circunstâncias adversas. «Quem adia sempre de um dia para o outro encontra desgraça no caminho». Daí, «aproveite agir enquanto há tempo».

FWA KWA MPUNGU, VILA KWA YETO WANTU.;Uma suposta morte do espírito poderoso arrasta a morte de nós os vivos.;Os homens, sem a protecção supra-natural, sentem-se perdidos. (R. Van Roy). Onde o Todo-Poderoso é dado por morto ou inexistente, o homem vivo deixa também de existir, pelo que se Deus não existisse, devia ser inventado para o bem-estar do homem e de tudo que existe. .

FWA MFWIDI KALA, NSUDI A WOLA ITINA DIAK' E?;Eu que já estou morto, vou ainda ter medo de apodrecer?;«A ovelha morta já não tem medo do lobo» (Prov. Turco - Rosa Sha). Feito o mal, assume-se as consequências, venha o que vier. «O que não tem remédio, remediado está».

FWA NSONL MONA MPASI.;A timidez faz sofrer.;«Quem se faz de mel, abelhas o lambem».

IKINA VA MOKO KILUTIDI IKINA VA LÁ.;Mais vale um pássaro na mão que dois a voar.;«Um ganho pequeno e seguro tem mais valia do que um grande e especulativo bem.»

IKIVONDANGA DISU KA KIKALANGA KIA NENE KO.;O que danifica o olho não é necessariamente grande coisa.;«Não existem pequenos inimigos» (Pierre Gringore), «O que traz a desgraça não é grande» (G. T. Zona).

IMBWENE WAME, IKIMWENE KO MPE WAME. Yovo: OYO MBWENE WAME, OYO KIMWENE KO MPE WAME.;Quem vi hoje para me confortar é meu, e quem não vi é também meu.;Os presentes de hoje podem ser os ausentes de amanhã e os ausentes de hoje podem ser os presentes de amanhã.

IVITIDI KU NKOKO KATEKANGA MVUNZU KO. Yovo: OY'OVITIDI KU NKOKO, KATEKANGA MVUNZU KO.;Quem chega primeiro ao rio não bebe água turva.;Os direitos de prioridade favorecem quem preceder em qualquer situação.

IVWIDI NKUMBI ANDI MADIOKO KADILA YO, NGEYE VO LUKUKAK' E?;O dono da caçada quer comê-la com mandioca, porquê queres que seja só com a farinha de mandioca?;O dono é o único a decidir do uso do que lhe pertence.

IZOLANGA MBW'AME KAKALANGA VA NTANDU KA MUNSIKO.;Num combate, gosto de ver o meu cão sempre em cima e não em baixo do seu inimigo.;«A luta dá ao triunfo o sabor da paixão, e a vitória embeleza a conquista.» (George Meredith).

KALA N'KAMBAKANI VA KATI KW'AMBUTA YE ALEKE.;Sê um traço de união entre os mais velhos e os mais novos.;«Quem é chefe seja uma ponte» (Th. Fuller).

KALA NZENZE WAKITENDELA NGEYE MOSI.;Seja um grilo para estridular por si mesmo.;Diz-se de alguém que deve falar por si próprio para defender o seu problema.

KALA YE NTONA ZITOBULANGA YAKA.;Tenha ideias que furam as paredes.;Isso quer dizer: «ser perspicaz».

KALUKUMBI MBULU MU NTINU KO, AY ANLENDE KAN'AVUTUKA KO.;Não admirem a rapidez do lobo, pois os que foram persegui-lo ainda não voltaram.;Antes de dar prova do facto, um pretensioso a um título é apenas «um rei de nome e não de facto», pois, só a prova confirma o mérito e destrói a presunção. «Ninguém cante vitória antes da batalha».

KALUNGA YOLELA MU NTETO.;No mar, banha-se só na margem.;Este provérbio aplica-se à familiaridade que se deve evitar com as sumidades políticas ou financeiras. «Fala do mar mas fica na terra». «A prudência ultrapassa as outras virtudes como a vista ultrapassa os outros sen-

KA MAMONA UMOSIKO.;Uma situação difícil não é quinhão de um só indivíduo.;As dificuldades são comuns a todos. Ninguém pode se julgar ser o único a sofrer.

KA MINWANA KO, YARWA UNKUTA WAZOLELE.;«A luta não será travada! É o que agrade aos medrosos.;Esta máxima aplica-se a uma ameaça de luta que acaba de fracassar, facto que agrada aos tímidos que não estão dispostos de serem envolvidos nela. Uma luta impedida satisfaz os medrosos.

KAMITALWANGWA KO MPUKU MIAWOLELANGA. Yovo: NTAMBU KAMITALWANGWA KO MPUKU MIEWODILANGA.;As ratoeiras que não são controladas podem deixar apodrecer ratos.;Quem não visita as suas ratoeiras, deixa apodrecer nelas seus ratos. Qualquer actividade que não é controlada torna-se deficiente. Dai a expressão: «quem não controla, não dirige».

KANA ANDA BETA (WANDA) MWANA, KOKOLOLA. Yovo: KANA (SEMBA = SUNGUNA) MWANA, KOKOLOLA;Se bateres ou punires a criança, consola-a.;«Se da mão direita tu bates a criança, da mão esquerda aperta-a no teu coração.» (Provérbio Yoruba).

KANA BAKAMA MU KOKO, LENDA VULUKA, KANA BAKAMA MU NWA VONZAI;Se for apanhado pelos braços, poderá ser salvo, mas se for apanhado pela boca é perigoso.;Os erros cometidos pela boca são dificilmente perdoáveis. Portanto, sejam prudentes nas suas palavras. «É melhor deslizar com o pé do que com a língua» (Ahigar).

KANA BAKA NSENGO A MPA, EKUDI KULOZIKO. Yovo: AVO BAKA NSENGO A MPA, KULOZI KO NSENGO A NKULU; Se tiveres uma nova enxada, não deites a antiga. Se tiveres um novo amigo, não abandones o antigo.

KANA BAKASIKA ZANGULA, KANA KOKA UMWIVI.;Se apanhares algo mostra-o, se o esconderes tu és um ladrão.;Este provérbio significa que todo o bem ganho às claras enobrece, ao passo que o bem ganho às caladas é uma batota. «Em tudo, nobreza obriga.»

KANA BWA TELAMA, VO KUTELEMENE KO WENDELELE.;Se caíres, levanta-te, se não te levantares, ficarás um homem derrotado.;O provérbio mostra-nos que uma queda deve ser apenas uma situação passageira, pois, «caímos para nos levantar, somos repelidos para melhor combater, e dormimos para nos acordar» (Robert Browning — in «Les Grands Ecrivains Etrangers et leur Influence dans la Littérature Française, pp.482-483).

KANA DYA, KANA DYA, TUBILA NSIKYANDU.;Cada vez que comas, deixe uma coisa ao lado.;«Guarda que comer, não guardes que fazer.» , «Poupar é a melhor prevenção para o futuro».

KANA DYA MWAMBA NKAYI, INKAYI DIDI.;Quem comeu o molho do antílope, comeu também o antilope.;Quem praticar um pecadilho, comete um pecado, pois, em termo de importância, não há pequenos e grandes pecados. Logo: «quem boa cama fizer, nela se deita».

KANA DIBWA MPAKA, DIWUTA MBIMBA, YUVULA MBUTA.;Quando estiveres em sérios apuros, consulta um velho.;Em caso de uma grande dificuldade, recorre a um mais velho para te mostrar, pelos seus conselhos, como sair deste imbróglio.

KANA KAILA NAN'KUSU, KAILA NAMBENDE.;Se oferecer ao rato-n'kusu, ofereça também ao rato-mbende.;Na atribuição dos favores, não se deve preferir uns protegidos em detrimento dos outros, pois não se sabe quais deles lhos retribuirão melhor do que outros. Portanto, deve-se «jogar com o pau de dois bicos.» ,

KANA KALA NGEYE MOSI, YUVULA MBUNDU AKU, AVO À OLE LUNA LUYUVUDYANA.;Se estiveres sozinho, consulta o teu coração; se estiverdes dois, tomai conselho um do outro.;«Dois conselhos valem mais do que um».

KANA KALA YE NGANGU, KU KIKUNDIDIKI KO, AKWA NGANGU A ENGI ENA. IDIANO UKISAKIDIKA KANSI KUKIVWEZI KO.;Se fores inteligente, não seja vaidoso, pois os homens inteligentes são legião.;Por isso, humilha-te sem contudo te desprezar. «Diante da honra vai a humilidade» (Provérbios 15:33).

KANA KA NKATA IBWIDI KO, E VUNDU MPE VA KITOMENE Yovo IVA KIKANI.;Mesmo se almofadinha não lhe caísse, era também o lugar em que queria descansar do fardo.;«Quando o operário é mau, nenhuma ferramenta presta» ou «os maus operários queixam-se sempre das suas ferramentas».

KANA KATULA MBELE VA MOKO MA MWANA, VINGISA NTI.;Se tirar uma faca da mão de uma criança, substitua-lhe um pau.;A acção de total privação gera desespero, a troca de uma outra coisa alivia a pena.

KANA KIWANA, DILA KYO.;Se um bem acontece enquanto estás ainda vivo, aproveita-te dele.;O provérbio aconselha de tirarmos proveito de tudo quanto é nosso por direito quando isso acontece em devido tempo, enquando vivemos.

KANA KIWUNIKINA KITONDELE (KIZOLELE), KANA KIKUFUINI KITININI.;Quem te farejar quer-te, quem te repugnar odeia-te.;O provérbio significa que quem te aceita é teu amigo, mas quem te rejeita considera-se teu inimigo. «Não te agarres àquele que não se agarra a ti» (Prov. Árabe - R.Sha)

KANA KUMP'E NKISI, KUMBA MPE E NGANGA.;Se admiras a força do feitiço, admira também o feiticeiro. Variante: Se admiras o remédio, admira também o médico ou o curandeiro.;O provérbio significa que não basta reconhecer um facto talentoso mas também render homenagem ao seu autor, pois o efeito, tão grandioso que possa parecer,não deve eclipsar a causa. 

KANA KUNENGE, KIA KAKA KUKIA, Yovo: KANA KUZINGIDI KIA KAKA KU KIA.;Ainda que a noite demore muito tempo, amanhã será um outro dia.;«Não há uma noite que dure sempre».

KANA LANDA LAWU VWATA, VO KUVWETE KO NGEYE MPE AYIKIDI LAWU.;Se perseguires um maluco, veste-te, senão serás apelidado também de maluco.;«Quem uivar com os lobos, assemelha-se a eles».

KANA LANDA MUNTU AMBOTE, NGEYE MPE KITUKIDI MUNTU AMBOTE.;Se andares com os bons, tornar-te-ás bom também.;«Diz-me com quem andas, dir-te-ei as manhas que tens». «Chega-te aos bons e serás bom».

KANA LANDA NDOKI, NGEYE MPE SE UNDOKI; KANA LANDA LAU, NGEYE MPE KITUKIDI LAU.;Se seguires um bruxo, tu te tornas também bruxo e se seguires um maluco, tu te
assemelhas também a ele.;«Diz-me com quem andas, dir-te-ei as manhas que tens».

KAN'ALOMBA KIA KOKO, NGEYE VANA KIA KULU.;Se te pedirem uma parte do braço, dá-lhe uma parte da perna.;«Amor com amor se paga», e «o favor gera favor».

KAN'ALONGA NGANGU, WANUKA YE ZAKU.;Se te ensinarem conhecimentos, utiliza também os teus próprios conhecimentos.;O provérbio faz entender que, ao aprender conhecimentos de alguém, o principiante deve usar o seu sentido crítico para não aceitar passivamente toda a massa de conhecimentos, mas escolher o que lhe for mais útil para o seu uso e nível de compreensão. Dai, «não basta apenas aprender conhecimentos, mas também saber utilizar os seus próprios, reflectir e escolher eclecticamente». «Se não utilizares os conhecimentos que tens, não poderás esperar tirar nenhum proveito deles».

KANA LOZA MATE MU ZULU, NGEYE MOSI MAVUTUKILA VA LUSE.;Se cuspires para cima, a tua saliva vai te cair na cara.;«Cada um colhe apenas o que semeia. O jogo da vida é um jogo de bumerangues ou arma de dois bicos.

KANA LUMONA KAKA YIMBI, E MBANGALA YIKIELE.;Quando virem o gavião pairar nos ares, é o anúncio da estação seca (o Verão).;O gavião representa aqui um sinal convencional de uma promessa, que, ao se manifestar, indicará o momento da realização do compromisso.

KANA LUWA KELENGEZE, MU TADI.;Se ouvirem «kelengeze» ou o choque da enxada contra uma pedra, saibam que o trabalho na lavra acabou. «Kelengeze» é um som onomatopeico imitado de um ruído seco resultando da colisão de uma enxada com uma pedra, onde já não há terra arável, obrigando assim o lavrador a parar o seu trabalho.;Este provérbio é utilisado por um porta-voz para terminar uma mensagem à qual já não há mais nada a acrescentar.

KANA LWAKA VA SAU DIA NKOKO SAUKA SAUKA, IMANATA SAU MENGI.;Se chegar à rivagem de um rio, avie-se de atravessar, pois a margem é um palco de muitos acontecimentos.;Este provérbio aconselha de aproveitar a oportunidade no momento exacto em que se apresenta antes que possam ocorrer circunstâncias adversas. É portanto oportuno «malhar enquanto o ferro está quente».

KANA MBWA NOKENE MVULA KUTUDI KU TIYA KO, VAVA KAYUMA, NGEYE KATATIKA.;Não ponha ao fogo um cão molhado, pois uma vez aquecido é ainda a você que vai morder.;O provérbio refere-se a pessoas ingratas que, depois de terem sido socorridas e tomadas bem-sucedidas, se voltam contra os seus benfeitores.

KANA MONA KUFUTUMUKANGA MWISL NZO INA KO.;Onde há fumo, há uma casa.;Não há fumaça sem fogo e não há efeito sem causa.

KANA MONA NDOKI, KEKUMUNA, VO KU KEKUMWENE KO UMINI NDINGA.;Se encontrares um bruxo, sê tu o primeiro a tossicar, pois se não o fizeres, ele te inibe de falar.;«Amedronta as bestas antes que te amedrontam» (provérbio árabe).

KANA MONA NTIETIE KUMIK'E NZONGO, MU NSI KA MOSALA NUNI ZA NENE KO.;Se encontrares um pardal, não o desprezes mas acerta bem a espingarda, pois no país já não há mais aves maiores.;Aproveita sem desprezo as pequenas oportunidades, pois as grandes são raríssimas.

KAN'ASISILA NKALU, WUDIKA ZIWUDIKANGA; KAN'ASISILA WANTU, WUTAN'AWUTANANGA.;Se os mais velhos te deixarem calabaças como herança, estas partem-se, mas se te deixarem homens, estes multiplicam-se.;Se herdares de bens materiais, eles acabarão, mas se herdares de homens, eles se prolificarão.

KANA SOPA NKENTO, NDONA SOPELE.;Quem casa com uma mulher, casa com uma senhora de honra.;«Quem a sua mulher não honra a si mesmo desonra». Com efeito, quem honra a sua mulher honra-se a si próprio.

KANA SOPA NKENTO, SOPELE MPE MAMBU MA KANDA DIANDI.;Quem casa com uma mulher, casa também com os problemas da família dela.;De facto, o marido e a mulher que se amam e se tornam uma carne não podem ser alheios aos problemas de ambas as famílias. Assim, o marido partilha estes problemas ao lado da sua mulher e esta também faz o mesmo quanto aos problemas da família do marido.

KANA SUMBA NSENGO A MPA, KULOZI KO KUDI (Yovo NSENGO A NKULU) Yovo: KANA SUMBA SENGELE KYA MPA, KULOZI KO SENGELE KIA NKULU.;Se comprares uma nova enxada (ou um novo machado) não deites fora a antiga enxada (ou o antigo machado).;Se tiveres um novo amigo, não abandones o antigo.

KANA NTÁ YO: MBIZI; KANA MVOVA DIO: DYAMBU.;O que matei é um animal, o que eu disse é uma palavra.;Não se vai à caça em vão e não se fala sem assunto.

KANA TÁ DIO, WANUKA DIAU Yovo: KANA VOVA DIO, WANUKA DIAU.;O que disseste, deves assumi-lo ou sê responsável pelo que disseste.;«Quem boa cama fizer nela se deitará».

KANA TALA NDUNDU, VETAMENA NDUNDU, NDUNDU KATALIWANGWA YOLE KO (= MBALA ZOLE KO).;Se olhares para um albino, baixa os teus olhos, pois não se deve fitar o albino duas vezes.;O provérbio aconselha-nos a não fixar um olhar assustador numa pessoa que nos pareceria diferente pela sua natureza, pois a nossa atitude seria percebida como inamigável e agressiva contra a sua pessoa e geraria uma forte repuisão da sua parte.

KANA TALA SEKO, TALA MAZA.;Deve-se proporcionar a quantidade de farinha de mandioca à quantidade de água necessária para se cozinhar a farinha de mandioca.;«Subordina proporcionalmente os teus compromissos aos teus meios, ou as tuas despesas ao teu rendimento».

KANA TIMUNA FUKU DIE WOLA, YA WOLA UWANA MO.;Se exumares um fosso de imundícies, encontrarás senão podridão;«Mais se remove o lixo, mais fede». Fazer reviver antigas feridas dói.

KANA VWEZA NIANGA NKUFI, NOKENO.;Se tu rejeitas a erva curta para cobrir a tua casa, dormirás ao relento.;«Quem se furta ao esforço recolha a pena».

KANA TONDA KINA TAMBWIDI, TONDA MPE ON'OVENE KIO.;Se te alegras do que recebeste, agradece também o doador.;«Quando olhares o que te é dado, olha também quem te deu» (Séneca). Não devemos esquecer o doador com o prazer da dádiva» (Prov. Umbundu).

KANA TOTA NTUMBU MU NZILA, MUNTU VITIDI MO SOTWELE YO, YOVO: KANA BONGOLOLA (BONGONONA) KIMA MU NZILA, MUNTU VITIDI MO SISIDI KIO.;Se encontrares uma agulha no caminho, alguém a deixou.;O provérbio mostra que o achado na estrada da vida é sempre obra de aquele ou aqueles que nos precederam, e tudo quanto não nos pertence é portanto pertença alheia.

KANA TULA KANGU VA TIYA, TULA KIO MASANGU, AVO KEWAU KO KIZININI.;Se puser uma frigideira no fogo, ponha nela amendoins para grelhá-los; pois, no caso contrário, a frigideira será calcinada.;Se promover um encontro com outras pessoas, deve ter um assunto a tratar com elas. No caso contrário, a sua actuação seria considerada como uma brincadeira de mau gosto.

KANA TUMISA MVULA TEMBO, SIKININA MANKONDO.;Se chamares a tempestade, sustenta as bananeiras.;Se quiseres realizar um grande evento, hás de reunir todas as condições que assegurem a sua materialização.

KANA TUMISA WANTU, WANUKA YE DIAMBU.;Se convidares pessoas, deve ter algo para lhes dizer.;Quem tiver a iniciativa de uma coisa, deve ser o primeiro a tomar a palavra.

KANA TWENDA KU NTWALA FWA TUFWA. KANA TUVUTUKA KU NIMA FWA MPE TUFWA. DISUNDIDI TWENDA KU NTWALA K ANELE VO FWA TUFWA. YOVO: KWENDA KUNTWALA LUFWA, VUTUKA KUNIMA OKO VO DIAKA LUFWA, OZEVO MBOTE MUKWEND KUNTWALA;Se formos adiante, morreremos. Se voltarmos por trás, morreremos. Vale mais então irmos para frente mesmo se devemos morrer. É melhor que cada dia nos encontre mais adiantados que atrasados na vida. O mundo avança e não volta por trás.;Morrer indo para frente é progresso ao passo que morrer voltando por trás é regressão. Nestes dois casos de morte implacável, vale mais escolher-se aquele que representa o progresso e é portanto «o menor dos dois males». John Bunyan confirmou-o peremptoriamente quando afirmou:

KANA UMBOKELA NTAMBULWELE, KANA UMPAVA KU KUMBONA KO.;Se me chamares, respondo. Se me procurares, não me encontrarás, pois será tarde de mais.;Este provérbio realça o velho conselho: «quando uma ocasião se apresenta, não hesita em aproveitá-la» pois a oportunidade nunca bate a porta duas vezes.

KANA UMVANA NLEMBO, YANDI BAKIDI KOKO.;Dá-se-lhe um dedo, ele toma o braço.;Diz-se dos que abusam da generosidade dos outros pois não se contentam apenas com aquilo que lhes é dado, mas apoderam-se até mesmo do que não lhes é oferecido. «Faz bem ao vilão, morder-te-á na mão; castiga o vilão, beijar-te-á a mão».

KANA UN'TUMA KENDA KANGA YANDI WELE VONDA, KANA UN'TUMA KENDA VONDA, YANDI WELE KANGA.;Se lhe mandar ir prender alguém, ele vai mata-lo, mas se lhe mandar ir matar, ele vai prender.;Este provérbio aplica-se a pessoas que, por excesso de zelo, vão a extremos ou em sentido contrário das ordens dadas. Os excessos de zelo e os extremos que deles resultam são sempre prejudiciais para o um bom fim de uma qualquer missão.

KANA UNYADIKA UNZITISA, KANA MONA YENGA UNZANGATA.;Se tu o aceitas como chefe, respeita-o, e se achares um precipício diante dele, afasta-o deste perigo.;O provérbio aconselha-nos a honrar e proteger os chefes que escolhemos livremente, pois «a todo senhor toda a deferência».

KANA VA LUNZA, KANGILA.;Por mais que a ferida doer, aperta ainda.;«A paciência é a arte de esperar e é também a chave do paraiso», «A paciência é um unguento para todas as feridas» (J.Clarke).

KANA VANA MBELE KO LAWU, KITUKIDU 'MVONDI.;Se deres uma faca a um maluco, tornas-te assassino.;«O instigador é mais culpado do que o delinquente» (Esopo).

KANA VANGA MBOTE, KWA NGEYE MOSI VENGE YO, KANA VANGA MBL KW'AWONSO VENGE YO YE NGEYE MOSI MU NLONGA.;Se fizeres bem, fá-lo a ti próprio. Se tu fizeres mal, fá-lo a todos e e a ti próprio.;«Cada um colhe somente o que semeou». 

KANA VILA VUTUKA VANA MPAMBU A NZILA.;Se te perderes, volta ao entroncamento ou ao ponto de partida.;Não é uma desgraça de se enganar e, ainda menos, de se emendar.

KANA VONDA NGUMBA MU TADI, KUKANGADI YE NKUTU A MATADIKO.;Se matares uma perdiz com uma pedra, não anda por isso com uma sacola de pedras.;Há ocasiões que são únicas e que nunca voltam a se repetir, pois «a ocasião tem apenas um fio de cabelo».

KANA VOVA DIAMBU, SISA DIAMBU, MBAZI LUMONANA DIAKA.;Se disseres algo contra alguém, deixa algo também pois novas circunstâncias podem levá-los amanhã a se encontrarem quiçá em condições diferentes.;«Na amizade guarda um lugarzinho para a desavença, outro para a reconciliação» (provérbio japonês — Rosa Sha).

KAN' AVUKA MBELE VA MOKO, WETE AZOLELE Yovo: KAN' AKATULA MBELE VA MOKO, WETE AZOLELE. Yovo: UKATWIDI MBELE VA KOKO WETE KAZOLELE.;Quem te arranca uma faca das mãos, quer o teu bem.;«Quem te impedir de cometer um mal, liberta-te da condenação da sociedade e da tua própria consciência».

KANA VUNA LUTA, KANA LEKA TUNGUNUKINI.;Se mentires passa, se permaneceres serás desmascarado.;«As mentiras têm pernas curtas, e mais depressa se apanha um mentiroso do que um coxo». «Não podes ir muito longe mentindo» (provérbio italiano).

KANA VWA NKOMBO MBAKALA, VAVA NKOMBO NKETO, KANA VWA MBWA MBAKALA, VAVA MBWA NKETO;Se tiveres um bode, procura uma cabra. Se tiveres um cão, procura uma cadela.;Estas máximas são evocadas quando os pais de um rapaz apresentam o pedido de casamento do seu filho à família de uma noiva. O bode e o cão representam o noivo, e a cabra e a cadela simbolizam a noiva.

KANA WANA FUNDÁ KU FULA VATA SISA, OYOSISA KIO MAMBU KA MONA;Se encontrares um embrulho na entrada da aldeia deixa-a, pois quem o abandonou teve apuros.;Este embrulho pode ser a boceta de Pandora que sob a aparência sedutora — de encanto ou de beleza — pode ser uma fonte de muitos males.

KANA WA VO: «LAMBULA MOKO A LEMBA», KWATELA MABONDO KO. KADI AVO WATELA MO, KUVINGILA ZAYISWA KO, NGANGA WAU KA KWIZANGA NGEYE UKILAMBULWIDI (UKILAMBULWELE) KALA MOKO.;Se ouvires: «Estenda as mãos para te ungir», é um sinal de que nunca foste ungido de nkula, unguento preparado para um evento de iniciação ou de uma cerimónia de exorcismo. Se, pelo contrário, já o foste, bastará ver o iniciador aproximar-se de ti, para que, logo, lhe estendas as tuas mãos. O provérbio faz a distinção entre os iniciados e os neófitos de uma instituição esotérica, pela compreensão da sua linguagem, accessivél aos primeiros mas incompreendida pelos segundos que precisam antes de tudo ser também iniciados aos usos e costumes do grupo.

KANA WENDA KUNA NA NSÁ, NATA SAKA. KANA WENDA KUNA NA MUNTU, NATA MBUNGU A MALAFU Yovo MALAVU.;Se fores visitar o antílope, leva-lhe um molho de ervas. Se fores ter com um homem, leva-lhe uma calabassa de marufu.;Para ir fazer um importante pedido a alguém, recomenda-se de se conformar aos usos e costumes dele, rendendo-lhe as honras que se lhe deve.

KANA WENDA MU MBANZA, AVO WAWAN' ATELEMA, NGEYE MPE TELEMA. AVO WAWAN'AVWANDA, NGEYE MPE VWANDA.;Se fores a uma aldeia, e encontrares os habitantes de pé, fica de pé também.;Se estiveram sentados, senta-te como eles.

KANA YALA KU YADIDI KO.;Se governares não te ensoberbeças, tudo tem um fim.;«A soberba precede a ruína, e a altivez do espírito precede a queda» (Provérbios 16:18).

KANA YANGA VILULANGA, VO KUVILWELE KO ZINISI.;Se assares a carne no fogo ou na grelha, vá volvendo-a. De contrário, ela será queimada.;Toda a acção que não é controlada resulta em prejuízo do seu autor.

KANA YIVA YANGALALA.;Se for feio, esteja alegre.;«Um belo rosto é a chave das portas fechadas» (Prov. Persa — Rosa Sha).

KANA ZAYA DYO SIA MVUNGU, VO KUZEYE DYO KO BUTALALA YOVO DINGALALA KWAKU.;Se sabes dum assunto, apoia-o, se não sabes, abstem-te.;O provérbio aconselha-nos de tomar posição só naquilo que é do nosso conhecimento e não nos meter onde não somos chamados.

KANA ZAYA KESA, ZAYA VENGA.;Se sabes abater as árvores, sabe também evitá-las ao cairem.;O provérbio aconselha-nos a ter cautela em tudo quanto fizermos para que as consequências das nossas palavras ou acções não se tornem contra nós próprios.

KANA ZAYA MATA, ZAYA KULUMUKA.;Se sabe subir, saiba descer.;O provérbio refere-se à disponibilidade de todo detentor do poder político ou financeiro, conferido ou conquistado, de saber que tudo que tem um começo tem também um fim, pois nada dura eternamente.

KANA ZAYA WUTA, ZAYA NKUNGA Yovo: KANA ZAYA WUTA ZAYA SASA.;Se puderes gerar crianças, sabe tambem canções para acalantá-las. Este provérbio significa que quem tiver crianças deve saber a linguagem de canções que agradem, acalentem a dor, eduquem e ensinem-lhes o caminho da virtude. «Quem planta uma árvore deve regá-la»

KANA ZINGA KWA KWINGI SE WA MONA IVA FWILA NZA (primeira variante), WAKWAMA ZINGA, SE WAMONA IVA FWILENSI(segunda variante), ZINGA KWA KWINGI, MONA VA FWILA NTOTO(terceira variante);Se viveres muito serás testemunha do fim do mundo.;Mais um homem se torna velho, mais ele assiste a uma série de eventos infelizes na sua vida como a perda das suas faculdades, dos seus entes queridos, seus próprios bens e experimentará, consequentemente, a falta de um devido apoio da
parte dos seus. O homem presencia o fim do mundo quando já não pode adaptar-se a um mundo em que, para ele, «tudo cansa, tudo quebra e tudo passa».

KANA ZOLA MBWENGE, MAFUNGUNUNU KUYINGI KO.;Se quiseres o feijão, não afugenta os vespões.;Os vespões picam mas são também necessários para fazer florir e germinar o feijão.;«Aquele que come mel deve suportar as picadas das abelhas» (Provérbio Árabe —
R. Sha).

KANA ZOLA NGUDI A MBWA, ZOLA MWAN'A MBWA.;Se amas a cadela, ama também o seu cachorro.;«Quem meu filho beija, minha boca adoça».

KANA ZOLA NSAFU A LOMBA. BWA YE LUTAYI.;Se quiseres o safu maduro, deves cair com o ramo da árvore.;«Quem quer peixe molha o rabo, e quem quer bolota trepa».

KANA ZOL'AZITISA, NGEYE MPE ZITISA MPANGI ZAKU.;Se quiseres ser respeitado, respeita também os teus semelhantes.;O princípio do respeito é de ser recíproco.

KANDA DINA NKUNA-NKENTO KA DIFWANGA KO.;Um clã com uma descendência feminina não pode desaparecer.;No regime matriarcal, a continuidade do clã é garantida pela descendência feminina, pelo contrário do regime patriarcal.

KANDA DYA NKWENO KALUNGA KAZUNGWA KU NTO KO.;O clã de outrem é um rio, que não se pode contournar pela nascente.;O provérbio significa que o clã é uma instituição sagrada, nos assuntos da qual um estranho não deve arrogar-se o direito de se intrometer.

KANDA KA KIMFUMU KIA MASANGU KO VO AWONSO NZEVO KIKULU.;A família não é um campo de milho onde todos têm barba.;A família não deve ser «uma casa sem rei nem roque» ou «uma casa do Gonçalo onde todos mandam».

KANDA KANA SOPELA DYO SE DYAKU, MFINDA KANA SOLELA YO SE YAKU. (Ngana 118);A família em que casares torna-se tua, e o campo em que lavrares é teu também. (Cf. Prov. 118);Refere-se à integração do cônjuge na família da sua mulher ou do seu marido, como também do lavrador ou da lavradora com a terra de suas lavouras.

KANDA KA ZANDU KO VO TUTELE DIO, IBOSI TUVAMBANENE KWETO.;A família não é um mercado que vamos visitar e depois nos separamos.;A família é uma instituição permanente da qual não podemos Nos tornar alheios.

KANGALA YE NYANZI-ANTU SE OKIKWANGA-KWANGA KUNTU, VO KANGELE YE MBUNGININI SE KAVIMBIS'E LUSE.;Anda com o piolho e tu sentirás comichão, mas se andares com a abelha, ela te tumeficará a cara.;«Entre dois males deve-se escolher o menor».

KASI NZENZA.;A ira é uma loucura passageira.Portanto, «controla-a, ou serás controlado por ela» (Horácio).

KASUMBILANGA NGUMBA MU NKUTU KO Yovo. NGUMBA KASUMBILWANGA MU LAMBA KO.;Não se compra perdiz no bolso ou gato por lebre.;Não se pode concluir um contrato sobre um assunto desconhecido.

KATI-KATI MFUNDI YA MINA MBEVO.;A meia medida da comida é a quantidade ideal para o doente.;O meio termo é a melhor coisa em todas as circunstâncias.
KATULA NGO MU NZILA NKOMBO KALUTA.;Tira o leopardo do caminho para a cabra passar.;«Elimine o perigo do caminho, tudo calhará às maravilhas».

KATULA NTETE IKINA VA SEKA, IKINA MU KATI IBOSI KILANDA yovo KIMONA NZILA.;Tira primeiro o que está na sala de estar, o que está no quarto de dormir seguirá.;O provérbio aconselha de fazer as coisas da vida seguindo a ordem de precedên-

KATULA NTETE KINA KIKAMBAMENE, IBOSI KINA KININGAMENE KIMONA NZILA.;Tira primeiro o que entrava o caminho e o que está à espera terá passagem livre.;«Remove o obstáculo e tudo prosseguirá bem».

KATULA N'TETE VA NTU YE TULA WO VA VEMBO, MOMO NITU KAKA IWUNA.;Se tirares uma carga da cabeça para os ombros, tu és ainda quem continua a levá-la.;Atirar uma responsabilidade para um membro de sua família não iliba ninguém dessa responsabilidade. Assim, um mais velho pode livrar-se de sua carga sobre o seu irmão menor, mas não fica por isso menos responsável da carga.

KATUNA MUNGWA KO TOVIDILA MU MAZA.;Não somos sal que pode ser dissolvido na água.;Diz-se das pessoas que estão seguras de si próprias e que não podem brilhar pela sua ausência com vista a evitar de honrar os seus compromissos.

KATWAFWANGA KAKA KO, MAKAKAMBA KAKA TWAYENDANGA (YOVO MU NSOKI MYA ATANTU KAKA TUFWILANGA).;Não morremos nunca por causa de uma doença normal ou por nossa própria culpa, é sempre pelo malefício dos outros.;Este provérbio aplica-se a pessoas que nunca acreditam na morte natural, mas atribuem-na sempre à influência maléfica de outras pessoas.

KATWAYINGANGA NZENZA KO, NZENZA YANDI MOSI UKIYINGANGA.;Nunca expulsamos o estrangeiro, o estrangeiro expulsa-se ele próprio.;Se quiser privar alguém de um bem ou de um direito que lhe é imprescindível, exija-lhe uma condição impossível para a obtenção do bem desejado, e atribua-lhe irónica e engenhosamente a responsabilidade de sua exclusão.

KA VA FWA KYETO KO (KE VAFWA KYETO).;Não temos nada a perder nesse assunto.;«Quem nada tem, nada tem a perder; por isso, ele pode dizer: «aconteça o que acontecer» .

KA VENA KIDYA NA NWA KO KILUTA NA MBOMBO.;Não há nada que come a boca e que não aproveita ao nariz.;O provérbio significa que o que agrada ao paladar, agrada também ao olfacto, mostrando que a boca e o nariz vão de mão dadas. Isto aplica-se a pessoas tão intimamente ligadas pelo que uma não pode passar sem a outra.

KA VENA KIVUMBU KA KIMANISANGA KO.;Não há escravidão que não tenha fim.;Toda dominação tem sempre fim, pois é vencida cedo ou tarde por aqueles que são privados de liberdade.

KA VENA MBOTE INANGA KAKA KO, KA VENA MPE MBI KA ISUKANGA KO.;Não há bem que sempre dure, nem mal que nunca acabe.;«Não há bem que sempre dure nem mal que se não acabe».

KA VENA MBOTE YAKONDA MPASIKO.;Não se consegue nada de bom sem sacrifícios.;Não há nenhum caminho de flores que leva à glória.
KA VENA MVUM'A MBOTE YA KONDA NSENDE KO.;Não há rosas sem espinhos.;«Não há bela sem senão». Não há alegria sem incómodo.

KA VENA MWISI WA KONDA TIYA KO.;Não há fumaça sem fogo.;Não há efeito sem causa.

KAWENGA, KAWENGA! KONSO MUNTU YE NKUMBU ANDI. AVO KA NKUMBU AKU KO KUTAMBUDILA KO.;Kawenga, Kawenga! Cada um tem o seu nome. Se não é teu nome, não respondas.;Este provérbio mostra que os nomes são identidades distintivas pelas quais os seres humanos se diferenciam em indivíduos dotados de personalidades diferentes, pois não há dois indivíduos iguais no mundo.

KAYILA MUNTU MBIZI, LUMBU KI MOSI KA DYA YO, UNLONGI LOA, SE KADYA LUMBU YAWONSO.;Oferece peixe a alguém, ele comerá um dia; ensina-o a pescar, ele comerá todos os dias.;Quem te ensina te torna igual ou superior a ele próprio, pois a instrução é poder e é mais que riqueza.

KAYILA MUNTU NKAMA LUMBU, UNYIMINA LUMBU KIMOSI KAKA, DIKAZAYIDILA NGEYE UMWIML YOVO NKAMA MVU KATUMAMA, LUMBU KIMOSO KAKOLOMA IKIZAIDILWA.;Ajuda alguém cem vezes e recusa-lhe a ajuda uma só vez, ele se lembrará apenas da recusa.;O homem ingrato manifesta-se quando ele reconhece apenas o bem presente e esquece os mil e um favores passados por causa do último que lhe foi recusado.

KAYILWA KA KAYANA KO;Dar ou doar não é mear ou dividir por metade ou equitativamente;«O mendigo não pode escolher.»
KAZU MU NW'A MBUTA, KINKADI NKADI KU MBUNDU.;Um adulto mostra que a noz de cola é doce na sua boca, mas dissimula o dissabor no seu coração.;Os jovens tentam imitar os adultos nas experiências em que estes «fazem das tripas coração» perante situações desagradáveis da vida. Eles ignoram que os velhos exteriorizam O prazer mas interiorizam a amargura das dificuldades da vida.

KEMBO DYE NKISI, NGANGA KA KALA KIMOYO.;A força do fetiche depende do curandeiro vivo.;A protecção é assegurada enquanto o curandeiro estiver em vida. «Morto o bicho, morta a peçonha».

«KATI NKYE NUNI IWOLELE VAVA?»: MWENE NSALA YE MAVUSL OYUVULANGA DIAKA?;Que ave apodreceu-se aqui? Viu as asas e a penugem e pergunta ainda?;Este provérbio é utilizado para responder a alguém que faz uma pergunta pela qual já tem a resposta pelo aquilo que está à vista.

KETO DYA DINGI KETUKA.;A ambição extrema prejudica;«Quem quer tudo, tudo perde».

KEVA KA NDAMBU KO, VONGA K'AWOLE KO;Ser pequeno não é ser meio-homem. E ser grande não vale por dois.;Esta máxima é uma resposta a pessoas arrogantes que tentam imporem-se pela importância de sua estatura e pelo desprezo dos semelhantes de baixa ou pequena estatura.

KIBAKIDI MU NWA KO.;Não te agarro pela boca.;«Desculpa-me de te interromper de falar». Interromper alguém usando a palavra para falar no seu lugar exige tacto e respeito.

KIDYA MENE MA SIKA LUNDA KYO Yovo: KIDYA NSYUKA, MAKANI NKOKELA.;O que se come de manhã deve ser conservado na véspera.;«Poupa para o que der e vier».

KIDIA NTUNGI KO NZENZA KWE IKUMWENA.;Se eu não aproveitar da pessoa conhecida onde hei de encontrar o estrangeiro?;É um pretexto utilizado pelos abusadores dos bens alheios perante os quais a sua cobiça desenfreada não resiste. 

KIFWILANGA MUNTU, NTU KISIWANGA.;O que pelo qual alguém morre ou se sacrifica deve valer a pena que nele recline a cabeça.;O provérbio significa que todo o esforço penoso deve ser compensador.

KIKUNDI KIMANISANGA, KIMPANGI KA KIMANISANGA KO.;A amizade pode acabar, o parentesco nunca acaba.;«O sangue é mais espesso do que a água».

KILUKILA MBUTA.;Mais vale prevenir do que remediar.;«Precaução demasia não prejudica», «A prudência é a filha mais velha da sabedoria», «Um passo dado a tempo vale por nove».

KIMBANGI KYA WANTU WOLE KYA LUDI.;O testemunho de dois homens é verdadeiro.;«Testemunha única, testemunha nula» (Caton).

KIMBEMBE UKIBABANGA, MAKUNZI MANDI KWA NZAMBI-MPUNGU.;O gavião que se põe em equilíbrio no ar tem o seu apoio em Deus Todo-Poderoso.;O provérbio mostra que as manifestações sobrenaturais que confundem a nossa imaginação têm a sua origem no único poder de Deus que sustenta as acções de todas as suas criaturas.

KIMBEVO KIWUKWANGA, FU KYA MUNTU KA KIWUKWANGA KO.;Cura-se uma doença mas não um hábito.;«O que o berço deu, a tumba o leva».

KIMBEVO KOTA MU NITU NGOLO-NGOLO KANSI VAIKA MALEMBE MALEMBE.;A doença vem com toda a força, mas vai com lentidão.;«A doença vem a cavalo, mas volta a pé» ou «O que o mal entra às braçadas e vai às polegadas».

KIMFYETETE (KINONYA) KA KALA YE NTA KO NANGA VO NGEYE UKUNTETA NGANGU ZIKONDELE YOVO MBANGU UKONDELE.;A formiga não tem migalhas de carne de sobra se aquele que vai despedaçá-la não sabe retalhá-la.;Um problema bem apresentado por um primeiro orador pode ser encerrado sem comentários pelos outros oradores se estes não souberem analisar certos outros aspectos do problema que poderiam também comentar também aproveitáveis do assunto.

KIMFYETETE (KINONYA) KAZIKI MVUMBI KO NANGA VO KA NKAZ'ANDIKO.;Uma formiga não enterra um morto, se não for a sua mulher.;O provérbio mostra que no reino animal, há animais incluindo o homem que nunca deixam a vida e a honra da fêmea à mercê dos caprichos da natureza sem lhe darem um forte amparo ou um devido enterro.

KIMFUMU KYAKU VO KYA NZALA ZA NGO, E KYA NKWENO MPE KYA NZALA ZA NGO, VO IKYAKU KYA NZALA ZA MBAMBI, KYA NKWENO MPE KYA NZALA ZA MBAMBI.;Se a tua autoridade deriva das garras de leopardo, a autoridade do outro também deriva das garras de leopardo. Se a tua autoridade é feita das garras de jacaré, a autoridade do outro é também feita das garras de jacaré.;Este provérbio é uma referência ao respeito dos direitos dos outros como dos nossos próprios. «Não faz a outrem o que tu não querias que se te fizesse».

KIMFUMU, MPU A KINSENGO: YÃLA, TUMBUKA.;O poder é como o chapéu da ave furta-cores cuja plumagem a enobrece e a destrona alternativa e periodicamente.;Este provérbio é uma demonstração da versatilidade ou inconstância do poder político e do efeito de miragem dos cargos de prestígio que derivam dele. Este poder é instável e depende muito do tempo e da sorte do seu detentor.

KIMFUMU TUMBWA, KA KITUMBA KO.;Um chefe deve ser investido por uma instituição, mas não se deve impor por si próprio.;O poder legítimo de um chefe deriva de sua escolha pelo povo soberano e não de si próprio.
KIMFUSI KYA DYAMBU MFUMU A DYAMBU.;O empenho para tratar de um assunto depende do próprio dono.;«O cavalo engorda com a vista do dono».
KIMFWA-MEWA, KIMPINGA-MPINGA, AVO KA MU MWANA KO MU NTEKOLO.;De geração em geração, as características genéticas transmitem - se senão dos pais aos filhos, pelo menos dos avós aos netos.;Este provérbio refere-se à manifestação de certas características dos pais nos seus filhos das gerações presentes e vindouras através da hereditariedade ou do atavismo.
KIMVWAMA VO SADIDI KYO MANISA KIMANISANGA, NGANGU VO SADIDI ZO WOKELA ZIWOKELANGA.;A riqueza acaba pelo uso, a inteligência desenvolve-se e eleva-se pela sua utilização.;«O saber é uma coroa sobre a cabeça, enquanto que a riqueza não é senão uma canga no pescoço» (Prov.Persa - Rosa Sha).
KINA KIMWESANGA MPASI KWA MBEVO, KWA MVUMBI KYAMBOTE.;O que faz sofrer o doente, convém ao morto .;Sofrer e ser vivo vale mais do que não sofrer por ser morto. A presença de um vivo no mundo é mais útil do que a simples lembrança de um morto.
KINA YE NZITU NGANGU (yovo NDEKO) MU MALU.;Dançar com uma sogra é preciso prestar atenção aos movimentos dos pés.;Dançar com uma sogra significa tratar com uma pessoa importante ou susceptível.Para tratar ou viver com tais individualidades, é preciso ser cauteloso e prudente nas palavras e nas acções, evitando na medida do possível toda familiaridade; pois, a falta de cautela fere a susceptibilidade, e «a familiaridade gera o desprezo»
KININI KANSI KUBWENGETE Yovo: KUVWENGETE KO.;Dançaste mas não vibraste.;Refere-se a alguém que se limitou a fazer um bom pronunciamento sem conclusão.
KINSANGA YE NZIL ANDI, BOMBO YE NZIL ANDI.;As lágrimas têm um conduto lacrimal, o muco tem também o seu.;Este provérbio é utilizado quando se trata de dois assuntos diferentes que não podem ser tratados ao mesmo tempo.
KINSENGO, KUKITUNDIKI KO, ZAYA VO SEKE WAKELE NTETE.;Ave furta-cores, não te vanglories, pensa que eras antes apenas Seke, ave tecerão.;«Não te viras contra a a tua modesta origem».
KINTETE KINTETE KYA NANT?: «KYA TATA».;«A quem se destina as primícias ou o primeiro presente do filho ou da filha?»: «Ao Pai !»;Este provérbio refere-se ao costume que requer que o primeiro produto de trabalho de um filho vá ao seu pai que o abençoará para a vida, pois «a bênção do pai consolida a casa do filho».
KINZU KYA FOMO NWA YE NWA.;O cachimbo vai de boca à boca e satisfaz mais fumadores.;Este provérbio quer dizer que a verdadeira alegria é aquela que é compartida com os outros. «Um prazer é maior quando é partilhado com outras pessoas».
KINZU KYA MATE YE MATE, NWA YE NWA KIYEDILANGA.;A escarradeira enche-se de boca à boca.;«A união faz a força».
KINZU KUNA KIE WUMBILWA LWENGO (LWENZO).;Onde o vaso foi criado é considerado como uma jóia.;O provérbio significa que cada oleiro exalta os seus vasos. Uma pessoa é sempre estimada como uma jóia pelos seus progenitores.
KYOKYO UDYANGA IKIKUDYA yovo: MUNA DYA MUTUKA KIMANKIKUDYA.;O que come é o que vai te comer.;«Das grandes ceias estão as sepulturas cheias»
KISASUMUNWANGA MU KULU, VO MU KOKO KULENDI KO.;Pode-se sacudir facilmente o que lhe aperta a perna, mas torna-se difícil se isso acontecer no braço.;Podes desinteressar-te de um problema do qual tu es menos responsáveis, mas não de um assunto do qual tu assumes toda a responsabilidade.
KITANTU KA KINA YE NLONGO KO, NANGA LOLOKA YE LOLOZIANA.;O ódio não tem remédio excepto o perdão.;«O fraco jamais perdoa: o perdão é característica do forte» (Gandhi).
KITINA MALU MESO KAMONA KYO.;O que os pés devem fugir, os olhos devem vê-lo primeiro.;«Ver e crer como São Tomé», «não te espantes do que ouves antes de vê-lo» (Esope, Fables).
KITOMENE MU MUNTU KITUKIDI.;Cada boa e bonita pessoa tem seu progenitor.;«Cada qual é a criança de alguém» (P.A.C de Beaumarchais). Daí, quem ama esta pessoa deve reconhecer e respeitar os seus pais.
KITONDA NKETO KU BUNDI.;O que a mulher aprecia é o que tem na boca.;A mulher é interessada pelos bens presentes. Para ela, «águas passadas não movem moinhos». «Uma vez comido, o pão é depressa esquecido» (Prov. Escandinavo - Rosa Sha».
KIVITIDI KIMONANGA NTETE NZILA, IKISUKININI IBOSI KILANDA.;O que existe anteriormente a um outro é que deve sair primeiro, o último seguirá depois, seguindo o princípio da gestão de stocks: «o primeiro artigo a entrar é o primeiro a sair, o último a entrar é também o último a sair».;«O amor da ordem não é apenas a principal das virtudes morais, é a única virtude, a virtude mãe, fundamental, universal» (Malebranche).
KIZININI KA KILAMBULULWANGA KO, KIFINGIDI LAMBULULA KWANI.;O que está calcinado não pode ser cozido de novo, mas o que está enrijado pode ser cozido de novo.;Este provérbio significa que o que é detruido é sem remédio, mas o que é mal feito pode ser remediado.
KOLA KWA LULEMBE LWA NYAZA MU KATI NTUTU.;Saúde da rama da cebola vazia por dentro.;Diz-se de uma saúde manifestamente boa por fora, mas precária por dentro.
KOK'ANKOKELE, E NGEYE KOKELA KOMWENE KYOKO E?;«Fui arrastado pelo beiço (levado de rastos) para o mal»; mas tu não viste o rasto?;«A vontade coagida nunca deixa de ser vontade» e «quem se queixa, alhos come».
KOKO KANA KUBAKA, NWA KA DYANGA KYA FYOTIKO.;Quando a mão apanha uma caça, a boca não come pouca coisa.;Quem conseguir ter abundância de bens, não limita os seus prazeres.
KOKO KANA KUZINGILA MU KINZU (NZUNGU), VISI KU TOMBOLANGA.;Se a mão demorar na panela, tirará ossos.;O provérbio indica que quando um assunto demora para ser concluído, é um sinal de que há insucesso na sua solução.
KOKO KUKE KUBAKIDI KIMPITI.;É apenas uma pequena mão que apanhou o grande animal kimpiti.;O provérbio refere-se ao desprezo dos grandes homens para com os humildes quando estes, favorecidos pela sorte, realizam grandes actos que os dignificam. Mas a este desprezo, contrapõe-se uma máxima popular: «a chuva miúda acalma a ventania e a serenidade vence o furor».
KOKO KUTOMENANGA KWATOLOKILA VANA KWAYIKANENA.;Convém que o braço seja fracturado no lugar da sua articulação.;Este provérbio refere-se a certas situações consideradas de menor mal por não implicarem circunstâncias agravantes que complicariam ainda mais a sua solução.
KOKO KUVANANGA, YOYA KUYOYANGA; KOKO KUTAMBULANGA KA KUYOYANGA KO.;A mão que dá cansa-se de dar, mas a mão que recebe não se cansa de receber.;«Dar é um bom rapaz, mas cansa-se depressa» (Prov. Escocês).
KONDA KWA NGUDI, YEMA MAYENO MA NKAKI.;Por falta da mãe, a criança pode mamar a sua avó.;«Quem não tem como quer, deve querer como pode» (Terence).
KONDA KWA NGUDI, I YEMA MAYENO MAMBWAA.;Por falta da mãe, a criança pode mamar o leite do cão.;«Quando não se tem o que se ama, deve-se amar o que se tem». (Bussy-Rabutin).
KONGO DYA MPAKA KA DYA TOMA KO.O Congo em conflito é uma desgraça.;Um pais em conflito traz guerra, destruição, calamidade e morte.
KONSO DYAMBU DYA MPA WONGA DIMWESANGA.;Toda mudança é acompanhada de receio.;«Tudo que está novo encontra resistência».
KONSO DYAMBU DINANGANGA, KADISOBANGA KO, YOYESA DIYOYESANGA.;Tudo que demora muito tempo e que não muda, cansa.;Toda situação, mesmo agradável, que dura muito sem mudança acaba por cansar. Tudo que não muda provoca em cadeia monotonia, inibição, imobilismo, desespero, desunião ou morte.
KONSO DYAMBU MUNTU UYANTIKANGA DYO.;Qualquer assunto é iniciado por um homem.;«O homem é o iniciador e o destinatário directo ou indirecto de toda acção humana».
KONSO DYAMBU, YANTIKA KUBALANGA.;Para cada coisa, o mais importante é começar.;«Uma jornada de um milhar de quilómetros começa sempre por um primeiro passo» (Prov.Chinês).
KONSO DYAMBU YE NTANGU ANDL KONSO NTANGU YE DYAMBU DYANDI.;Cada coisa tem o seu próprio tempo, e cada tempo tem uma coisa própria.;Refere-se à necessidade de fazer cada coisa no seu devido tempo e de reservar um tempo para cada coisa.
KONSO KIMA YE FULU KYANDL KONSO FULU YE KIMA KYANDI.;Cada coisa no seu lugar, e cada lugar para cada coisa.;A ordem é uma lei divina que se manifesta em todo o universo e deve ser respeitado, pois a desordem mata.
KONS'OMA MABWA, MABWA KWANDI, AMBUTA ATALA MO yovo ALANDA MO.;«Aconteça o que acontecer», são os mais velhos que tratarão do que acontecer.;Este provérbio exprime um sentimento de irresponsabilidade da parte de quem o utilizaria.
KONSO MBI FUTWA IFUTWANGWA.;Todo o mal se paga aqui na terra.;«Em sentimento como na química, há um problema que creio ser verdade, é que nada se cria, nada se perde. De maneira que quando falhámos, acontece sempre um momento em que, sob a forma de sofrimento, de ruína, de doença, de remorsos... mesmo de morte, pagamos a adição» Maurice Donnay — in <La Douleureuse, acte >). .
KONSO MUNTU MFUMU KAYIKILWANGWA.;Cada homem é mestre de si.;A máxima subentende que cada qual deve se respeitar a si próprio e respeitar também o seu próximo, criado como ele, à imagem e à semelhança de Deus.
KONSO MUNTU MEUMU MUNA NZO ANDI.;Cada um é mestre em sua casa.;«Muito pode o homem em sua casa.»
KONSO MUNTU NKAZ'ANDI WA MBOTE.;A cada pessoa o seu cônjuge é bonito.;«Quem o feio ama, bonito lhe parece, pois o desejo torna bonito o que é feio, e os gostos não se discutem».
KONSO MUNTU N'KUSU YE LUSENDE LWANDI.;Cada pessoa é um grande rato nkuzu que deve ser assado num espeto a sós.;Cada qual é uma pessoa importante que não deve ser confundida com outras pessoas.
KONS'ONA LEKELE KABASULA.;Quem tiver a sua arma pronta, seja o primeiro a começar!;Num encontro familial, depois das palavras de boas-vindas dos visitados aos visitantes, este provérbio é utilizado para pedir ao grupo que estiver na origem do encontro de introduzir o assunto a tratar.
KONSO NTI YE NSUNGI ANDI, YE MBUTU ANDI.;Cada árvore tem a sua estação e sua espécie de fruta.;Cada coisa tem o seu período e a sua utilidade.
KONSO NUNI ZALA DYANDI DYA MBOTE.;Cada ave acha o seu ninho bonito.;Cada qual sua casa é bonita.
KONSO SALU KIFWENE SALWA, TOMA KYO SALA, FULU KYAKU KYESESA.;Qualquer trabalho digno de ser feito, fá-lo bem, é o teu destino que tu preparas e iluminas neste mundo onde o passado não se repara nem se apaga.;«Se algo vale a pena de ser feito, vale a pena de ser bem feito» (John Simpson).
KOSI VILU, MAMBU VILU.;Se mudares de lugar, os assuntos também mudam.;«Costas viradas, linguagem mudada» (Prov. Malaio — R.Sha).
KO YE KO WANDLI, NZADI YE NZADI ANDI.;O sogro simpatiza com o seu genro, o cunhado com o seu cunhado.;O provérbio indica que os parentes por aliança estão unidos na alegria e na infelicidade.
KUBAKIDI NYOKA VA KATI KO.;Não apanhes uma serpente no meio.;Este provérbio aconselha de não se intrometer num assunto do qual se desconhece as entradas e saídas.
KUBANZA KAVITANGA KO, SUKININA KAKA(«VO NZAYA WO»: KU NIMA KAKA KAKWIZILANGA).;O arrependimento não precede o erro, segue-o, ou «Se eu soubesse» chega sempre tarde.;Este provérbio refere-se a alguém que reflecte tardiamente ao erro cometido.
KU DY'E NDOFI KO VO: «NKOKO WAU KILENDI WO NWINA MAZA KO».;Ninguém diga: «desta água não beberei», «pois ninguém sabe o futuro que o guarda».;«Não afirma nada por juramento, mesmo a verdade» (Meandres, Fragmentos — citado por M.Maurois — Larousse).
KU FUTUMUKANGA MWISI NZO INA KO.;Onde tem havido fumo, há uma casa. Não há efeito sem causa.
KU FWIDI MVIPI, MBEVO SIDI.;Morreu um homem são, ficou o doente.;Há doentes habituados às suas doenças, que sobrevivem a pessoas que, indiferentes do futuro, são surpreendidas por moléstias mortais. Portanto, «a morte, sentada à porta dos velhos espia os jovens e as pessoas sãs».
KUKAYI KO YE KONZEKENA, NGEYE MPE AKUVANGILA WO.;Não deves dar e recusar ao mesmo tempo, pois tarde ou cedo tu poderás ser pago na mesma moeda.;O provérbio aplica-se aos que «envidam de falso» ou dão mostras de oferecer sem a verdadeira intenção de doar, pois retomam desonestamente por uma mão o que dão por uma outra. É o mesmo que dar a alguém uma coisa contra vontade ou com repugnância.
KU KISUTIDI FWA KO, MUNTU KAFWANGA MEWA ZOLE KO.;Não tenhas pressa de morrer, pois não se morre duas vezes.;«Um dia de vida vale mais do que mil anos no outro mundo».
KU KOMUNI KYUZU KIZOLELE VAIKA KO, KADI SAMA VO DIBENZELE, VO MUNTU SIDI NSINDU YOVO DYETE DYO, EKYUZU KIZOLELE VAIKA, KIKOMOKENE YE KAKIVAIKA DYAKA KO.;Não inibas o salalé pronto a sair da sua termiteira. Quando a termiteira está humectada pelos orifícios de saída do salalé, este está pronto a sair e a voar mas se um homem pisar a terra, o salalé estará impedido de sair.;Este provérbio aplica-se a pessoas dirigentes de grupos ou de organizações quaisquer, que coibem ou bloqueam ardilosa ou brutalmente as potencialidades humanas susceptíveis de se desenvolver para o bem comum.
KU KUNI NGUBA VA MESO MA NKEWA KO.;Não semeia amendoins sob o olhar dos macacos.;«É bom evitar de tomar riscos desnecessários» (A. & R. Flavell), «A discrição é a melhor parte do valor».
KU KWENDA YANDIKO, KU MMANI NKUTA KO.;Se não for junto com ele, não acabe o seu mantimento.;Não se pode ir até ao fim da viagem com um companheiro que põe os seus interesses acima dos demais, pelo que uma ruptura com ele se torna inevitável, e quanto cedo melhor.
KU KWENDA YE NUNU KO, AVO IZEYE NZIV'ANDI?;Não vais com um velho, mas que fazer se é ele que conhece o seu caminho?;Recusar um serviço vital por desprezo de quem o possa prestar é dar prova de uma indigência de espírito. «Siga o chefe, mesmo velho, se é o único que conhece o caminho», «Siga a pista mesmo sinuosa, se é a que leva ao destino».
KU LANDI BULU MU WULU DYANDIKO.;Nunca persigas um animal no seu covil, pois podes tornar-te a sua vítima.;O provérbio aconselha-nos de não desafiar um inimigo no seu próprio terreno onda as condições lhe seriam mais favoráveis. Daí: «não te metas na boca do lopo».
KULANDI MUNTU FWIDI YOVO WAFWA MAMBU KO KALENDI VANGULULA DYAKA KO, NGEYE LENDA VANGULULA.;Não critiques um morto, pois ele já não pode reparar o seu passado, mas tu podes tirar ainda melhor proveito do tempo que te resta.;«Perdoa a quem está sepultado» (Eneida). «Dos mortos só devemos falar bem».
KUMBU DYA NDOKI LUMBU KIMOSI.;A fama do bruxo dura apenas um dia.;«Não há maravilha que dure mais do que três dias».
KU MENI NZEVO ZE MENA NKOMBO KO, WA KONDA NDWENGA.;Não tenha uma barba inútil como a da cabra, que não é sinal de sensatez.;A barba deve ser um sinal não apenas de velhice, mas também de maturidade e sabedoria. «A sabedoria está na cabeça e não na barba» (Prov. Russo - Rosa Sha).
KUNA KWAVATILA KO KULENDI KO NATINA N'YENDO KO.;Não podes levar um cesto à seara alheia para colher o que não semeastes.;Não se deve aproveitar do fruto dos esforços alheios.
KUNA KWA YENDA KO ZULU DYABWA.;Onde nunca chegaste, o céu e a terra parecem unir-se.;As coisas desconhecidas assemelham-se às miragens. «Tudo o que é desconhecido ou proibido parece mais atraente».
KUNA KUYENGANGA NZUNDU, TADI ULALANGA KO.;Onde tinem o martelo e a bigorna, gasta-se o ferro.;Todo grande trabalho de longa duração consome tamanha energia, torna-se desgastante e acarreta sacrifícios.
KUNA KWATUNGILA MUNTU AKU KA KUKALANGA KWA NDÁ KO.;Onde reside o teu parente nunca está longe para lá chegar.;«Longe é lá onde não há nada; mas onde há uma coisa, tu removerás céu e terra para lá chegar» (Provérbio Shona - Zimbabwe). «A casa do teu irmão nunca fica longe».
KUNA MFULU KINDOKI KOKALA WAKU.;É desejável que no conciliábulo dos bruxos esteja presente um dos seus memdbros para assumir a sua defesa em causa de necessidade.;«Os semelhantes defendem-se».
KUNA TWADILA WIKI KUTUSISA NKUTU A NGANGU.;Onde comemos o mel é aí onde esquecemos a bolsa da sabedoria.;Este provérbio faz lembrar um momento histórico durante o qual o gozo dos bens presentes fez esquecer de poupar os recursos necessários que porriam assegurar o presente e o futuro. «O defeito habitual do homem consiste em não saber prever a tempestade pelo bom tempo» (Nicolas Machiavel).
KU NIM'A NTANGU KA NTANGU KO, KU NTWAL A NTANGU KA NTANGU KO.;Depois da hora, já não é a hora, antes da hora, não é ainda hora.;«Tudo quanto está feito depois do tempo é uma perca de tempo, tudo quanto está feito antes da hora é um desperdício do tempo.»
KUNSY A NTUKULU TUDILA NKALA, KAKUWISAKANI NKUKUTU-NKUKUTU KO.;Debaixo do banco de peixes onde vamos comer caranguejos, deve-se evitar uma mastigação ruidosa.;Este provérbio é utilizado para impor um silêncio rigoroso aos participantes de uma reunião secreta, de sorte que nada transpire absolutamente.
KU NZO A NDOKI KA KULUNDILWANGWA MBEVO KO.;Não se deixa baixar um doente em casa do feiticeiro.;Não se deve confiar a alguém a guarda de um bem de que ele gosta muito.; «A ocasião faz o ladrão». Não tenta alguém acima de suas forças.Não arma contra alguém uma tentação a qual não pode resistir:
KU NZO A NLWAZI À MALAVU RAKULUNDISILWANGA MALAVU KO.;Não deixa guardar o vinho de palmeira em casa do colector de maruvu.;Não é seguro confiar a alguém a guarda de um bem de que ele vive ele próprio. «A ocasião faz o ladrão».
KUSADISI VAIKISA NGOMBE UNA MU WULU KO.;Não ajuda um boi a sair de um fosso, pois, depois de sair, é a ti que vai dar o primeiro golpe de chifres.;Este provérbio aplica-se a pessoas ingratas que se viram contra os seus benfeitores.
KUSIKAMESI (MBWA) LELE KO.;Não despertas o gato adormecido.;Não provoques problemas onde eles não existem.
KUTAWELELA MATE MU LONGA UTADILA (UDILANGA) Yovo: KUTAWELELA LONGA UTADILA MATE KO, KUYIVISI VENA UDILANGA KO.;Não deves cuspir no prato em que tu comes.;«não deves ferir quem te quer bem».
KUTUKIDI NKINZI NZALA;Depois da festa suceda a fome.;«Passada a festa, ficam as dívidas e a roupa suja» (Prov. Judaico - R. Sha).
KUTUKIDI NKINZI NZALA.;Depois da festa suceda a fome.;«Passada a festa, ficam as dívidas e a roupa suja» (Pov.Judaíco — R. Sha).
KUTU KUMOSI KUWIDI, MATU YE MATU MAKAMBANA.;Uma orelha ouviu, que as restantes orelhas se informem entre si.;Este adágio pede aos ouvintes presentes de ser porta-vozes para os ausentes.
KUTUMISI MAMBU MADINGALELE KU FUTA MESA KU VATA KO.;Não convides para a aldeia os problemas da mata que te são alheios e afastados.;Não seja um mancha-fiestas, suscitando problemas ou dificuldades onde há apenas paz e entendimento.
KU TUTUKIDI KU LÃ, KU TUKWENDA KU KUFI.;O lugar donde viemos é mais longe, lá aonde vamos é mais perto. Quando medimos o caminho percorrido, achamos que estamos mais próximo do fim que do início. Contudo, acontece que é quase no fim que o fardo torna-se mais pesado e que o sucesso parece nos escapar.;Este provérbio convida-nos a resistir ao desânimo, e a fazer os últimos esforços para atingir o êxito final. Defesa portanto de abandonarmos o combate pela vida quando o termo já está à vista.
KU VATA DYAMPA TUKWENDA VAMOSI TUTUNGILA, KWAKU TUTUKA
TUTUNGILA VA MOSI (KWAKU TUTUKA TUWISANANGA).;Na nova aldeia, habitaremos juntos, mas é bom que neste antiga mostremos que nós nos entendemos bem.;«É o presente que assegura o futuro»
KUVINGIDI MBASI KO MU VANG'OMA LENDA VANGA UNU;Não adies para amanhã para fazer o que tu podes fazer hoje.;«Não presumas do dia de amanhã, porque não sabes o que produzirá o dia» (Bíblia - Prov.27:1).
KU VOVINGI KO VO «KINA MALEMBE KO». VOVANGA VO «KATUNA MALEMBE KO».;Não digas: «Eu sou uma pessoa importante». Diz: «Somos pessoas importantes»;«Os homens não se medem aos palmos».
KUVWEZI NKWAKU MU KUMA KYA KEVA KO.;Não desprezes o teu próximo por ser pequeno. O ser pequeno não é ser uma metade de homem.;«Não te sintas superior, visto que nunca será tão grande como a terra, nem tão alto como as montanhas». (Provérbio Árabe — R. Sha).
KUZIUDI MAWULU MA NKULU KO.;Não reabras antigos fossos.;O provérbio aconselha de não reabrir antigos fossos em que se pode encontrar mortos enterrados há muito tempo e cuja memória provoqueria desagradávéis pesadelos ao violador das tumbas. Não recomeces as antigas contendas já enterradas.
KWA MVWAMA KU SOMPESA KO, KWA MPUTU KU KANIKINA KO.;Ao rico não emprestes, ao pobre não prometas.;Para O rico só os seus interesses contam, os dos demais lhe interessem pouco. Quanto ao pobre, «o prometido é devido».
KWANGA KU NTU, MFUMEU; SIMBA MU MBOMBO, MENGA;Ao esfregar a cabeça, vejo o pó cair, e ao tocar o nariz é o sangue que corre.;O provérbio refere-se a uma situação sem solução. Assim, «não se sabe a que porta há-de ir bater».
KWA SINA, E DYAMBU TUKU (KONSO DYAMBU DINA YE SINA KYANDI);Um inhame tem uma semente, um problema tem uma causa.;Nada vem do nada.
KWA VITA MFUMA MBEMBE VWANGAMA (ZANGAMA) KAKA.;Onde há um bosque, o falcão põe-se à vontade.;Onde alguém tem um parente ou um amigo, ele está bem-vindo.
KWA YENDA NIU, KWAVW'E NDOZI.;Onde chegou a cabeça (= o homem), acabaram os sonhos.;O que os olhos viram tornou-se uma verdade pois «ver é crer».
KWENDA KU ZANDU, VWA KYA TEKA YOVO KYA SUMBA YOVO: KWENDA KU ZANDU, VWA KYMA KYA TEKA YOVO KYA SUMBA.;Quem vai ao mercado tem algo para vender ou para comprar.;Este adágio mostra que nada se faz sem motivação ou necessidade. A necessidade comanda a acção humana, por ser um dos três déspotas ou tiranos citados por Menandre, que são: «a lei, o uso, a necessidade».
KWENDA LULENGE, VUTUKA LULENGE.;Vai são e salvo, e regressa também são e salvo.;É a maneira de desejar boa ida e bom regresso a alguém. prestes a empreender uma viagem. 
KWENDA YE TALA KU NIMA KA WONGA KO NGANGU ZA KWENDELA.;Caminhar e olhar por detrás não é um sinal de medo, mas de segurança para o prosseguimento da caminhada.;«Caminha como um camaleão, olhando para frente, mas com um olho para trás» (Prov.Japonese - Rosa Sha). «O seguro morreu de velho». (Prov.Japonais — Rosa Sha).
KYADI KAKIMANISANGA DIAMBU KO.;Tristeza não supera nenhuma situação, nem paga dívidas.;Uma atitude aflitiva prolongada conduz ao desânimo e à auto-destruição.
KYADI KYA NSUSU NTANGU A NKOKELA.;A tristeza da galinha manifesta-se à boca da noite.;A falta de um lugar seguro para dormir é uma disgraça por todo ser vivente. Como a galinha aludida neste provérbio, os óriãos, as crianças da rua, sentem também a sua mágoa à tardinha.
KYA FIOTI MU DISU KAKYENDI KO, MU NWA KWENDA KWANI.;A pequenina coisa não pode entrar nos clhos, mas pode bem entrar na boca.;Este provérbio significa que, se uma pequena coisa não pode entrar no olho sem provocar danos, pode, no entanto, satisfazer uma outra necessidade não menos importante. É o pouco que se torna grande.
KYAFIOTI KINA VA KOKO KILUTIDI KYA NENE KIN'OVA LÁ.;O pouco na mão vale mais do que o muito fora de alcance.;«Mais vale um pássaro na mão que dois a voar».
KYA FYOTI KYAFYOTI KIYURUTILANG' ENSUSU.;Grão a grão enche a galinha o papo.;«Muitos poucos fazem muito».
KYA NGOVO KAKIKONDELANGA NGOLO KO.;Não se pode poupar esforços para adquirir o que é gratuito.;Quem poupa a sua energia para conseguir o que se lhe oferece gratuitamente perde um assunto de ouro.
KYAKU KYAKU, KYANGANI KYANGANI.;O que é teu é teu, o que não é teu é alheio.;«O teu bem é seguro, o de outrem não o é para ti».
KYAKU KYAKU, MBWA IBOSI KANWA MAZA.;O que é teu é teu e teu cão pode beber a água à vontade.;«O que é teu é melhor do que o que é alheio».
KYAKU MBUTA, KYANGANI NLEKE.;A tua própria possessão vale mais do que a do outrem.;O bem próprio é maior e melhor do que o bem alheio.
KYA NKWENO MBALU, KANA KIKONDA KOMA, KANA KILUTA KATULA.;A conta do outrem deve ser justa: se faltar algo completa, e se sobrar, retira.;«Boas contas fazem bons amigos».
KYASIMANGA (KYATIMUNANGA) NWA KO WAKONDA MPUKU.;Nunca cavo um buraco sem encontrar um rato nele.;Não digo nada sem efeito.
KYA VW' AOLE KYALEKISA NKWENO NZALA.;O que pertence a duas pessoas restringe a liberdade de ambas de utilizá-lo à vontade.;«O meu vale mais do que o nosso».
KYAYENDANGA KU LUMBU LWA MFUMU A VATA KO, E LUMBU AKUSILA NTU MUNTU MU LAMBA, KWENDA UKWENDA KO.;«Nunca fui à casa do chefe». Mas no dia em que te puser a cabeça de um homem na sacola, tu procurarás ir ter com ele. Com efeito, se alguém te acusar de ter roubado a sua criança que, por acaso, foi encontrada em tua casa, a tua primeira reacção será de procurar a autoridade para te defender e estabelecer os factos e fazer a justiça na tua presença, pois, «nem sempre os ausentes têm razão».;O provérbio quer demonstrar que ninguém pode viver seguro, desafiando a autoridade responsável da ordem, paz, justiça e protecção.
KYELEKA KYELEKA KYAYENDA KU MBANZA E LUVUNU NKATA IWAFUNDANGA.;A verdade, só a verdade deve ir à cidade, a mentira deve ficar de cócoras.;O provérbio refere-se ao homem da verdade que deve vencer e e ser bem-vindo à cidade, onde tem o seu lugar; mas ao mentiroso deve ser tolhido o passo para não perturbar a cidade.
KYETO KYETO, KYAME KYAME.;O que é nosso é nosso, mas o que me pertence é meu.;«O que é meu vale mais do que o que é nosso» (B. Franklin).
